selected_size,selected_id_mean,selected_id_min,selected_id_max,selected_id_std,selected_radius_mean,selected_radius_min,selected_radius_max,selected_radius_std,selected_gain_mean,selected_gain_min,selected_gain_max,selected_gain_std,coverage_fraction_before,coverage_fraction_after,k_id,k_knn,base_delta,alpha,median_id
50,27.812047958374023,9.147192001342773,54.3555793762207,10.368948936462402,0.47747308015823364,0.20854143798351288,1.2392208576202393,0.21369771659374237,50.81999969482422,50.0,51.0,0.3841874599456787,0.0,0.056466666666666665,50,50,0.3375,1.0,33.586341857910156
50,9.802218437194824,6.494727611541748,13.80125617980957,1.2664082050323486,0.35035809874534607,0.24447625875473022,0.5195105671882629,0.04889761656522751,49.5,48.0,51.0,0.7810249924659729,0.02157777777777778,0.07657777777777777,50,50,0.2125,1.0,15.878021240234375
50,7.698932647705078,6.257571220397949,9.715123176574707,0.7250199913978577,0.3725617229938507,0.29264065623283386,0.454336017370224,0.0351313091814518,47.279998779296875,45.0,50.0,1.3570556640625,0.05215555555555555,0.10468888888888889,50,50,0.2125,1.0,13.379011154174805
50,6.706636905670166,5.632803916931152,8.566580772399902,0.6220067143440247,0.40961262583732605,0.318044513463974,0.4836941063404083,0.03658213093876839,43.86000061035156,39.0,49.0,2.7277095317840576,0.0666888888888889,0.11542222222222222,50,50,0.2125,1.0,12.821430206298828
50,6.201030254364014,4.611214637756348,7.970596790313721,0.6492549777030945,0.44750088453292847,0.34428486227989197,0.5951047539710999,0.04805148020386696,37.619998931884766,30.0,50.0,5.369878768920898,0.0772,0.119,50,50,0.2125,1.0,12.913673400878906
50,6.0419697761535645,4.585013389587402,7.723318576812744,0.7036028504371643,0.4742555320262909,0.3659259080886841,0.6163913011550903,0.05641714110970497,32.959999084472656,25.0,45.0,5.606995582580566,0.0806,0.11722222222222223,50,50,0.2125,1.0,13.29958724975586
50,5.983943462371826,4.902446269989014,7.330881118774414,0.5369495749473572,0.49357205629348755,0.39963340759277344,0.5975924730300903,0.044727154076099396,27.559999465942383,20.0,41.0,5.703191757202148,0.0806888888888889,0.11131111111111111,50,50,0.2125,1.0,13.786659240722656
50,6.001373291015625,4.858943939208984,7.2290191650390625,0.6225065588951111,0.5045372843742371,0.4142554700374603,0.6163192987442017,0.05372370034456253,24.020000457763672,17.0,42.0,5.665650844573975,0.07551111111111111,0.1022,50,50,0.2125,1.0,14.092521667480469
50,6.083306312561035,4.626084327697754,8.137628555297852,0.7066949009895325,0.5058894753456116,0.37319615483283997,0.6564799547195435,0.05803351476788521,18.860000610351562,12.0,38.0,6.190347194671631,0.0806,0.10155555555555555,50,50,0.2125,1.0,14.29144287109375
50,6.0173749923706055,4.38332462310791,7.711125373840332,0.7526538968086243,0.5196024775505066,0.3989088237285614,0.7017585635185242,0.06815586984157562,19.020000457763672,12.0,39.0,6.3796234130859375,0.07926666666666667,0.1004,50,50,0.2125,1.0,14.475461959838867
50,6.278207302093506,4.4813361167907715,7.66453218460083,0.7584726214408875,0.5059667825698853,0.4078393578529358,0.6975370645523071,0.06779570132493973,16.479999542236328,11.0,46.0,6.994969367980957,0.08275555555555555,0.10106666666666667,50,50,0.2125,1.0,14.710107803344727
50,6.080648422241211,3.8162295818328857,7.708242893218994,0.6952863931655884,0.5289764404296875,0.4111713469028473,0.8305078744888306,0.0693039521574974,14.279999732971191,10.0,32.0,4.9195122718811035,0.08288888888888889,0.09875555555555555,50,50,0.2125,1.0,14.914863586425781
50,6.214924335479736,4.210315704345703,7.879822254180908,0.8474034070968628,0.5277608036994934,0.4081597328186035,0.7638919353485107,0.07655851542949677,12.899999618530273,8.0,24.0,3.9051249027252197,0.09062222222222223,0.10495555555555555,50,50,0.2125,1.0,15.135181427001953
50,5.871278285980225,4.324556350708008,7.025032043457031,0.7047614455223083,0.561460554599762,0.4621095359325409,0.7506745457649231,0.07193253189325333,12.960000038146973,8.0,31.0,4.943521022796631,0.08877777777777777,0.10317777777777777,50,50,0.2125,1.0,15.276866912841797
50,6.254387855529785,4.559136390686035,8.694584846496582,0.9373659491539001,0.5332311391830444,0.3749864399433136,0.715124785900116,0.08098810166120529,10.720000267028809,7.0,22.0,3.549873113632202,0.09473333333333334,0.10664444444444444,50,50,0.2125,1.0,15.342830657958984
50,6.318645477294922,3.6655216217041016,8.156904220581055,0.9534540176391602,0.5361303091049194,0.4048815369606018,0.9009850025177002,0.0917944386601448,9.0600004196167,6.0,21.0,3.1837713718414307,0.09531111111111111,0.10537777777777778,50,50,0.2125,1.0,15.54155158996582
50,6.418537139892578,4.629881858825684,8.283940315246582,0.8812114596366882,0.5321248769760132,0.40389764308929443,0.7226672172546387,0.0800139531493187,8.920000076293945,6.0,22.0,3.0648980140686035,0.09717777777777778,0.10708888888888889,50,50,0.2125,1.0,15.74524211883545
50,6.271873950958252,4.087810516357422,8.251280784606934,0.8696870803833008,0.54683917760849,0.4075148105621338,0.8225722312927246,0.07889531552791595,8.359999656677246,6.0,15.0,2.6135034561157227,0.10057777777777778,0.10986666666666667,50,50,0.2125,1.0,15.823619842529297
50,6.5254011154174805,4.244161605834961,9.325170516967773,0.9544855356216431,0.5307129621505737,0.3634646534919739,0.7985959053039551,0.07918881624937057,7.920000076293945,5.0,22.0,3.192741632461548,0.10573333333333333,0.11453333333333333,50,50,0.2125,1.0,15.949975967407227
50,6.478031635284424,4.602194786071777,7.948371887207031,0.927585780620575,0.5367812514305115,0.4277935326099396,0.7388348579406738,0.08387573063373566,7.880000114440918,5.0,20.0,2.6731255054473877,0.10522222222222222,0.11397777777777778,50,50,0.2125,1.0,16.001232147216797
50,6.556836128234863,4.249727249145508,9.327068328857422,0.9504918456077576,0.5334843397140503,0.3670594394207001,0.8056018948554993,0.0802033394575119,7.599999904632568,5.0,25.0,3.5213632583618164,0.10964444444444445,0.11808888888888888,50,50,0.2125,1.0,16.111003875732422
50,6.468474864959717,4.005336761474609,8.758637428283691,1.059066891670227,0.545371413230896,0.3917778730392456,0.8567171692848206,0.0930991843342781,7.300000190734863,5.0,16.0,2.435159206390381,0.11373333333333334,0.12184444444444445,50,50,0.2125,1.0,16.1479549407959
50,6.699434280395508,5.145602226257324,8.682369232177734,0.9182996153831482,0.5223071575164795,0.39543893933296204,0.6672391295433044,0.07236095517873764,7.179999828338623,5.0,15.0,2.605302333831787,0.11888888888888889,0.12686666666666666,50,50,0.2125,1.0,16.15692710876465
50,6.668239116668701,5.0908660888671875,8.331256866455078,0.726332426071167,0.5195299386978149,0.41076844930648804,0.6722269654273987,0.058502983301877975,7.699999809265137,5.0,20.0,3.377869129180908,0.12224444444444445,0.1308,50,50,0.2125,1.0,16.10455322265625
50,6.496954441070557,3.9636709690093994,8.344412803649902,0.8780605792999268,0.5432390570640564,0.41451871395111084,0.8726544976234436,0.08254355192184448,8.260000228881836,6.0,18.0,2.820000171661377,0.1292888888888889,0.13846666666666665,50,50,0.2125,1.0,16.27724838256836
50,6.8809099197387695,4.797144412994385,8.737737655639648,0.8800162076950073,0.5181909203529358,0.40118607878685,0.7307385802268982,0.06939218193292618,8.399999618530273,5.0,21.0,3.405877113342285,0.13371111111111111,0.14304444444444445,50,50,0.2125,1.0,16.496274948120117
50,6.919675827026367,4.837602138519287,9.25090503692627,1.0841734409332275,0.5198374390602112,0.37872475385665894,0.7242320775985718,0.08750010281801224,8.020000457763672,6.0,20.0,2.5099005699157715,0.13417777777777778,0.14308888888888888,50,50,0.2125,1.0,16.48727798461914
50,6.835801601409912,3.972884178161621,8.698647499084473,1.0785655975341797,0.5245991349220276,0.40087437629699707,0.8777161240577698,0.09419768303632736,8.199999809265137,6.0,19.0,2.8635642528533936,0.13777777777777778,0.1468888888888889,50,50,0.2125,1.0,16.40971565246582
50,7.167959690093994,4.438378810882568,9.376082420349121,0.9902409315109253,0.4953814446926117,0.3710457384586334,0.7838347554206848,0.07445494085550308,9.0,6.0,25.0,3.5777087211608887,0.14155555555555555,0.15155555555555555,50,50,0.2125,1.0,16.37155532836914
50,7.334939479827881,4.998408794403076,10.097277641296387,1.1946170330047607,0.48655006289482117,0.3435027003288269,0.6939092874526978,0.0854208692908287,10.100000381469727,7.0,32.0,4.9446940422058105,0.13875555555555555,0.14997777777777777,50,50,0.2125,1.0,16.322080612182617
50,6.999929428100586,4.324911117553711,9.04143238067627,0.9849216341972351,0.5091586709022522,0.38558703660964966,0.8060880303382874,0.08096718788146973,10.520000457763672,7.0,26.0,4.691439151763916,0.14446666666666666,0.15615555555555555,50,50,0.2125,1.0,16.40592384338379
50,7.157254219055176,4.493134498596191,9.647031784057617,1.190040946006775,0.5027377009391785,0.3617897033691406,0.776784360408783,0.09295853227376938,10.100000381469727,6.0,20.0,3.966106414794922,0.1507111111111111,0.16193333333333335,50,50,0.2125,1.0,16.424453735351562
50,7.125298500061035,3.664968252182007,9.284226417541504,1.0491807460784912,0.5075008273124695,0.37859490513801575,0.9590699076652527,0.100101038813591,12.4399995803833,7.0,43.0,7.427408695220947,0.15037777777777778,0.1642,50,50,0.2125,1.0,16.540990829467773
50,7.10251522064209,4.723944187164307,9.296416282653809,1.1584001779556274,0.5075325965881348,0.37661212682724,0.7411482930183411,0.09130945056676865,13.5600004196167,8.0,41.0,7.631932258605957,0.15082222222222222,0.1658888888888889,50,50,0.2125,1.0,16.475967407226562
50,7.256204605102539,4.5878376960754395,10.45148754119873,1.1761534214019775,0.491969496011734,0.33199143409729004,0.7563049793243408,0.08736362308263779,14.020000457763672,8.0,39.0,7.134395599365234,0.15257777777777778,0.16815555555555556,50,50,0.2125,1.0,16.3284912109375
50,7.565759658813477,5.0617756843566895,10.093634605407715,0.9590153694152832,0.4686852991580963,0.34558215737342834,0.6891217827796936,0.06152693182229996,12.880000114440918,7.0,39.0,7.5594706535339355,0.1527111111111111,0.1670222222222222,50,50,0.2125,1.0,16.41496467590332
50,7.628583908081055,3.138564109802246,10.583876609802246,1.3689895868301392,0.4782036542892456,0.3311784863471985,1.116801142692566,0.11567919701337814,14.619999885559082,8.0,42.0,8.65999984741211,0.15246666666666667,0.16871111111111112,50,50,0.2125,1.0,16.49483299255371
50,7.326598644256592,4.298016548156738,9.461474418640137,1.1404016017913818,0.49504905939102173,0.3726230263710022,0.8202767968177795,0.09124304354190826,16.100000381469727,9.0,38.0,8.097530364990234,0.15208888888888888,0.16997777777777778,50,50,0.2125,1.0,16.590885162353516
50,7.389451503753662,4.9286394119262695,10.854714393615723,1.206712007522583,0.49011969566345215,0.32432693243026733,0.714289665222168,0.0861629918217659,15.65999984741211,9.0,39.0,7.933751106262207,0.1532888888888889,0.1706888888888889,50,50,0.2125,1.0,16.56694793701172
50,7.255382061004639,4.945237636566162,11.092873573303223,1.3582638502120972,0.5017065405845642,0.3177580237388611,0.7127766609191895,0.08687619864940643,14.180000305175781,8.0,42.0,6.933079719543457,0.15624444444444444,0.172,50,50,0.2125,1.0,16.587528228759766
50,7.595653057098389,4.093685150146484,10.603200912475586,1.3573077917099,0.4817996323108673,0.3335620164871216,0.8639709949493408,0.09501512348651886,15.319999694824219,8.0,43.0,8.978730201721191,0.1566,0.17362222222222223,50,50,0.2125,1.0,16.643882751464844
50,7.4539055824279785,4.743804931640625,10.337655067443848,1.2406827211380005,0.4889056086540222,0.3428463637828827,0.7471275329589844,0.08346298336982727,15.960000038146973,8.0,40.0,8.664779663085938,0.15855555555555556,0.17628888888888888,50,50,0.2125,1.0,16.6787166595459
50,7.512390613555908,5.137302398681641,10.703638076782227,1.1072105169296265,0.4846126437187195,0.3331681191921234,0.6941601634025574,0.06885293871164322,15.539999961853027,8.0,47.0,9.287001609802246,0.15846666666666667,0.17573333333333332,50,50,0.2125,1.0,16.781696319580078
50,7.686688423156738,5.074237823486328,10.714634895324707,1.2509794235229492,0.47884055972099304,0.3342185914516449,0.7057276964187622,0.08161240071058273,15.220000267028809,8.0,44.0,8.166492462158203,0.15824444444444444,0.17515555555555556,50,50,0.2125,1.0,16.851905822753906
50,7.490123748779297,5.095334529876709,9.941293716430664,1.1484884023666382,0.4934779405593872,0.36275002360343933,0.7077463865280151,0.07983410358428955,16.0,9.0,43.0,8.449851989746094,0.16115555555555555,0.17893333333333333,50,50,0.2125,1.0,16.970375061035156
50,7.8681769371032715,4.2729010581970215,10.589614868164062,1.4559979438781738,0.4792202413082123,0.3423069715499878,0.8483461737632751,0.10345017164945602,13.420000076293945,9.0,38.0,6.8383917808532715,0.16213333333333332,0.17704444444444445,50,50,0.2125,1.0,17.058347702026367
50,7.618687152862549,4.122450828552246,10.736944198608398,1.327970027923584,0.4911686182022095,0.33695703744888306,0.8776063919067383,0.09733610600233078,13.880000114440918,8.0,37.0,7.783674716949463,0.16522222222222221,0.18064444444444444,50,50,0.2125,1.0,17.025360107421875
50,7.932391166687012,4.898116111755371,10.6842679977417,1.5256502628326416,0.4790036082267761,0.3415144085884094,0.7449458241462708,0.10084734112024307,13.420000076293945,7.0,42.0,8.246429443359375,0.16446666666666668,0.17937777777777777,50,50,0.2125,1.0,17.170970916748047
50,7.940211296081543,5.313207149505615,11.647565841674805,1.3992706537246704,0.4756985604763031,0.31431442499160767,0.6890373826026917,0.08538611978292465,14.460000038146973,7.0,41.0,8.926836013793945,0.16495555555555555,0.18102222222222222,50,50,0.2125,1.0,17.228225708007812
50,7.819655895233154,4.913571357727051,12.8677978515625,1.4532774686813354,0.48283374309539795,0.28369447588920593,0.7429470419883728,0.08971253782510757,15.359999656677246,8.0,41.0,9.3397216796875,0.16462222222222223,0.1816888888888889,50,50,0.2125,1.0,17.178932189941406
50,7.756650924682617,3.47953724861145,13.157524108886719,1.6222929954528809,0.49604037404060364,0.27806803584098816,1.051486611366272,0.12708927690982819,13.15999984741211,7.0,38.0,8.381790161132812,0.1681111111111111,0.18273333333333333,50,50,0.2125,1.0,17.217350006103516
50,7.7024688720703125,4.201478481292725,11.518387794494629,1.5993748903274536,0.49733057618141174,0.3175642788410187,0.8706050515174866,0.11188849806785583,11.819999694824219,7.0,40.0,6.577810764312744,0.16722222222222222,0.18035555555555555,50,50,0.2125,1.0,17.21331024169922
50,8.23458480834961,5.798138618469238,13.989840507507324,1.38499915599823,0.4590441584587097,0.26331794261932373,0.6353377103805542,0.07232785224914551,13.199999809265137,8.0,39.0,7.891767978668213,0.1668888888888889,0.18155555555555555,50,50,0.2125,1.0,17.335416793823242
50,7.526517391204834,4.345492362976074,10.741211891174316,1.4214153289794922,0.5119680166244507,0.3453441858291626,0.8536236882209778,0.10495378822088242,14.960000038146973,8.0,40.0,9.288616180419922,0.1686,0.18522222222222223,50,50,0.2125,1.0,17.456071853637695
50,7.7609028816223145,4.57698917388916,10.128589630126953,1.2346974611282349,0.4905613660812378,0.3650571405887604,0.8078484535217285,0.0910344198346138,16.299999237060547,8.0,44.0,8.644651412963867,0.16764444444444446,0.18575555555555556,50,50,0.2125,1.0,17.40006446838379
50,7.542421817779541,4.260913848876953,10.538152694702148,1.4285986423492432,0.5090190172195435,0.35013753175735474,0.8659651279449463,0.10873903334140778,13.600000381469727,7.0,36.0,8.272847175598145,0.17004444444444444,0.18515555555555555,50,50,0.2125,1.0,17.36377716064453
50,7.7329607009887695,4.852175712585449,10.469833374023438,1.451885461807251,0.49905407428741455,0.3550768196582794,0.7661707997322083,0.10026229918003082,15.600000381469727,8.0,44.0,9.46150016784668,0.16984444444444444,0.18717777777777778,50,50,0.2125,1.0,17.494565963745117
50,8.271990776062012,4.592512130737305,11.61149787902832,1.501441478729248,0.46767598390579224,0.3210608959197998,0.8117557168006897,0.09781412035226822,14.199999809265137,8.0,41.0,8.73613166809082,0.17184444444444444,0.18762222222222222,50,50,0.2125,1.0,17.543519973754883
50,7.633762836456299,4.904128551483154,11.017306327819824,1.3869774341583252,0.5055320858955383,0.3385652005672455,0.7605993151664734,0.0958443135023117,13.65999984741211,8.0,42.0,7.614748477935791,0.17242222222222223,0.1876,50,50,0.2125,1.0,17.553302764892578
50,7.81007194519043,5.022034168243408,11.171587944030762,1.339394450187683,0.4896022379398346,0.33183807134628296,0.7381786704063416,0.08918958157300949,14.420000076293945,8.0,46.0,8.50903034210205,0.17124444444444445,0.18726666666666666,50,50,0.2125,1.0,17.445449829101562
50,7.822897434234619,5.498590469360352,10.596010208129883,1.147972822189331,0.48438560962677,0.349769651889801,0.674020528793335,0.0739661455154419,16.81999969482422,9.0,45.0,8.977059364318848,0.1736,0.1922888888888889,50,50,0.2125,1.0,17.440765380859375
50,7.823713779449463,5.042874336242676,10.46865177154541,1.1916477680206299,0.48736172914505005,0.35497093200683594,0.7368947267532349,0.08290610462427139,17.200000762939453,9.0,39.0,8.9442720413208,0.17308888888888888,0.1922,50,50,0.2125,1.0,17.487375259399414
50,7.778178691864014,5.533600807189941,10.5995454788208,1.184253454208374,0.49059635400772095,0.3512435257434845,0.6728028059005737,0.08010637760162354,15.960000038146973,8.0,47.0,10.686366081237793,0.17466666666666666,0.1924,50,50,0.2125,1.0,17.520103454589844
50,7.58296012878418,4.677130222320557,11.420495986938477,1.5403425693511963,0.5141708850860596,0.32694751024246216,0.7983319759368896,0.11050814390182495,13.359999656677246,7.0,34.0,7.588833808898926,0.1759111111111111,0.19075555555555557,50,50,0.2125,1.0,17.571306228637695
50,8.184391021728516,6.211733818054199,14.129786491394043,1.4045811891555786,0.4654867649078369,0.26296645402908325,0.5981679558753967,0.06934576481580734,14.579999923706055,8.0,39.0,7.902126312255859,0.17602222222222222,0.1922222222222222,50,50,0.2125,1.0,17.485458374023438
50,7.976550102233887,4.309839725494385,11.784225463867188,1.6312757730484009,0.4915241003036499,0.31691858172416687,0.8665379285812378,0.11894646286964417,13.960000038146973,8.0,43.0,8.190139770507812,0.17617777777777777,0.19168888888888888,50,50,0.2125,1.0,17.57477569580078
50,7.691378593444824,5.354357719421387,10.599087715148926,1.2401418685913086,0.4973788559436798,0.3514162600040436,0.6956375241279602,0.08294346183538437,15.920000076293945,8.0,44.0,9.203999519348145,0.1768888888888889,0.19457777777777777,50,50,0.2125,1.0,17.52796173095703
50,8.128619194030762,5.258531093597412,11.697174072265625,1.5415198802947998,0.4770532548427582,0.31991446018218994,0.7116237282752991,0.0911903977394104,15.260000228881836,8.0,38.0,8.970641136169434,0.1792888888888889,0.19624444444444444,50,50,0.2125,1.0,17.609859466552734
50,7.796705722808838,5.215697288513184,11.457745552062988,1.2905604839324951,0.4924730658531189,0.32560545206069946,0.7152839303016663,0.08687189966440201,16.260000228881836,8.0,37.0,8.503669738769531,0.1794888888888889,0.19755555555555557,50,50,0.2125,1.0,17.556255340576172
50,8.189446449279785,4.023227214813232,15.905096054077148,1.9897428750991821,0.48199036717414856,0.23419050872325897,0.9258294701576233,0.12213977426290512,12.539999961853027,7.0,36.0,7.887229919433594,0.1804888888888889,0.19442222222222222,50,50,0.2125,1.0,17.528575897216797
50,7.941859245300293,5.211322784423828,10.794692993164062,1.3259810209274292,0.48380446434020996,0.34547844529151917,0.715621292591095,0.08728057146072388,15.720000267028809,9.0,42.0,9.022282600402832,0.18126666666666666,0.19873333333333335,50,50,0.2125,1.0,17.5498046875
50,8.278831481933594,4.739190578460693,12.056660652160645,1.754247784614563,0.4746643006801605,0.31047916412353516,0.789869487285614,0.10974766314029694,14.619999885559082,8.0,47.0,9.184530258178711,0.18151111111111112,0.19775555555555555,50,50,0.2125,1.0,17.615726470947266
50,7.932972431182861,5.283491611480713,11.750833511352539,1.5372275114059448,0.48884305357933044,0.3178693950176239,0.7069624066352844,0.09529930353164673,14.600000381469727,7.0,44.0,8.950977325439453,0.18404444444444445,0.20026666666666668,50,50,0.2125,1.0,17.577552795410156
50,8.218897819519043,5.315746784210205,11.54929256439209,1.4435513019561768,0.46790486574172974,0.32254353165626526,0.7007762789726257,0.08565136790275574,16.239999771118164,8.0,43.0,10.149994850158691,0.1847111111111111,0.20275555555555555,50,50,0.2125,1.0,17.530115127563477
50,8.279290199279785,4.015446186065674,12.8934326171875,1.7873568534851074,0.4747503399848938,0.2886556088924408,0.9268612861633301,0.12406326085329056,12.699999809265137,7.0,47.0,8.584287643432617,0.18637777777777778,0.20048888888888888,50,50,0.2125,1.0,17.514171600341797
50,8.185389518737793,5.660606384277344,12.09468936920166,1.5408695936203003,0.4737449586391449,0.3095093369483948,0.6613106727600098,0.08930029720067978,15.300000190734863,8.0,39.0,8.949301719665527,0.18706666666666666,0.20406666666666667,50,50,0.2125,1.0,17.616090774536133
50,8.000866889953613,4.440765857696533,12.147744178771973,1.4643746614456177,0.48498833179473877,0.30775803327560425,0.8418741226196289,0.10130836069583893,14.720000267028809,8.0,40.0,8.786443710327148,0.1889111111111111,0.20526666666666665,50,50,0.2125,1.0,17.593250274658203
50,8.09859561920166,4.46242094039917,11.402366638183594,1.5411298274993896,0.48238834738731384,0.32871854305267334,0.8399409055709839,0.10739530622959137,15.140000343322754,7.0,43.0,10.137081146240234,0.18844444444444444,0.20526666666666665,50,50,0.2125,1.0,17.638444900512695
50,8.345743179321289,4.930278301239014,11.79847240447998,1.4094825983047485,0.45989495515823364,0.31531497836112976,0.7545689940452576,0.08655229210853577,13.479999542236328,7.0,44.0,8.982739448547363,0.18866666666666668,0.20364444444444443,50,50,0.2125,1.0,17.506988525390625
50,8.538021087646484,5.418583869934082,12.390045166015625,1.47830069065094,0.4508408010005951,0.3014793395996094,0.6893577575683594,0.07991931587457657,14.539999961853027,7.0,40.0,9.230839729309082,0.19004444444444443,0.2062,50,50,0.2125,1.0,17.578083038330078
50,7.792823314666748,4.910805702209473,10.00973129272461,1.3304734230041504,0.4923965334892273,0.37096574902534485,0.7561421990394592,0.09502530843019485,14.960000038146973,8.0,43.0,9.7528657913208,0.19015555555555555,0.20677777777777778,50,50,0.2125,1.0,17.474199295043945
50,8.243509292602539,4.511026382446289,11.271830558776855,1.4208953380584717,0.46763530373573303,0.3310299813747406,0.8271540999412537,0.09093027561903,14.619999885559082,8.0,43.0,8.731300354003906,0.19162222222222222,0.20786666666666667,50,50,0.2125,1.0,17.559123992919922
50,8.590206146240234,3.7262659072875977,12.117816925048828,1.794229507446289,0.45782235264778137,0.3081739842891693,1.0021817684173584,0.11879397928714752,13.260000228881836,7.0,36.0,7.05070161819458,0.19557777777777777,0.21031111111111112,50,50,0.2125,1.0,17.573627471923828
50,8.167267799377441,4.706936836242676,11.726642608642578,1.4465546607971191,0.47144943475723267,0.3173167109489441,0.7905480265617371,0.09392444789409637,14.619999885559082,8.0,45.0,7.947050094604492,0.19348888888888888,0.20973333333333333,50,50,0.2125,1.0,17.510868072509766
50,8.485631942749023,5.638020038604736,13.463025093078613,1.5798077583312988,0.452657014131546,0.27622276544570923,0.6595922112464905,0.08006457984447479,14.399999618530273,7.0,43.0,9.474174499511719,0.19377777777777777,0.20977777777777779,50,50,0.2125,1.0,17.500207901000977
50,8.116471290588379,5.200308322906494,11.158132553100586,1.527834415435791,0.47557777166366577,0.3330134451389313,0.714536190032959,0.09722299128770828,13.619999885559082,7.0,38.0,8.248370170593262,0.19486666666666666,0.21,50,50,0.2125,1.0,17.486156463623047
50,8.694844245910645,5.431074619293213,11.915687561035156,1.3829398155212402,0.43760475516319275,0.31129223108291626,0.6829699277877808,0.0710878074169159,13.119999885559082,8.0,39.0,6.124181747436523,0.19626666666666667,0.21084444444444445,50,50,0.2125,1.0,17.455345153808594
50,8.280052185058594,3.6987879276275635,12.11301040649414,1.883602261543274,0.479327917098999,0.30739033222198486,1.0066601037979126,0.13901306688785553,14.199999809265137,7.0,40.0,9.252025604248047,0.19673333333333334,0.21251111111111112,50,50,0.2125,1.0,17.521987915039062
50,7.753889083862305,3.8956093788146973,12.724080085754395,1.6351364850997925,0.5042664408683777,0.2923676073551178,0.9549490809440613,0.1235014945268631,14.619999885559082,8.0,44.0,9.393380165100098,0.199,0.21524444444444443,50,50,0.2125,1.0,17.506393432617188
50,8.674304962158203,4.231446743011475,12.114714622497559,1.4867511987686157,0.4442192316055298,0.307751327753067,0.8810980916023254,0.08994811773300171,13.460000038146973,7.0,42.0,8.144225120544434,0.19675555555555554,0.2117111111111111,50,50,0.2125,1.0,17.545032501220703
50,8.38932991027832,5.272757053375244,12.518936157226562,1.6798015832901,0.46108192205429077,0.29708367586135864,0.7053561806678772,0.09172651171684265,16.040000915527344,7.0,43.0,9.875140190124512,0.1971111111111111,0.21493333333333334,50,50,0.2125,1.0,17.501983642578125
50,8.577081680297852,5.278836727142334,13.529420852661133,1.4887230396270752,0.4485439956188202,0.2760499119758606,0.7075035572052002,0.07894754409790039,14.920000076293945,7.0,40.0,8.673730850219727,0.19915555555555556,0.21573333333333333,50,50,0.2125,1.0,17.57550811767578
50,8.18063735961914,5.035701751708984,12.44006633758545,1.570176601409912,0.47359833121299744,0.3006303608417511,0.742669403553009,0.08917296677827835,16.84000015258789,7.0,42.0,10.29050064086914,0.20044444444444445,0.21915555555555555,50,50,0.2125,1.0,17.599348068237305
50,8.322179794311523,4.772404670715332,12.86354923248291,1.7224972248077393,0.4658527076244354,0.2888855040073395,0.7786626219749451,0.09790391474962234,13.5600004196167,7.0,48.0,8.239319801330566,0.20104444444444444,0.21611111111111111,50,50,0.2125,1.0,17.48749542236328
50,8.316049575805664,6.071869373321533,14.0922269821167,1.5098445415496826,0.46000006794929504,0.2640678584575653,0.6128761768341064,0.0710706114768982,15.479999542236328,8.0,40.0,8.780068397521973,0.2029111111111111,0.22011111111111112,50,50,0.2125,1.0,17.51201820373535
50,7.932984828948975,4.835731029510498,10.710140228271484,1.283508062362671,0.48147502541542053,0.34656578302383423,0.7675712704658508,0.08657978475093842,14.65999984741211,8.0,42.0,8.46784496307373,0.2030888888888889,0.21937777777777778,50,50,0.2125,1.0,17.467144012451172
50,8.351881980895996,5.252890110015869,13.788286209106445,1.5066182613372803,0.4569990038871765,0.2688365578651428,0.7056677341461182,0.07619030773639679,14.880000114440918,8.0,36.0,8.182028770446777,0.2026888888888889,0.21922222222222223,50,50,0.2125,1.0,17.443742752075195
50,8.36298942565918,3.716496706008911,11.069842338562012,1.3988468647003174,0.46043506264686584,0.3359088897705078,1.0005277395248413,0.10230806469917297,15.359999656677246,7.0,38.0,9.023879051208496,0.2028,0.21986666666666665,50,50,0.2125,1.0,17.498626708984375
50,8.204014778137207,4.9270195960998535,12.134613990783691,1.7163761854171753,0.47251269221305847,0.30530261993408203,0.7519209980964661,0.10440301895141602,15.100000381469727,8.0,45.0,9.699999809265137,0.20437777777777777,0.22115555555555555,50,50,0.2125,1.0,17.43402099609375
50,8.399592399597168,5.042783260345459,13.241719245910645,1.6998529434204102,0.45765209197998047,0.27946236729621887,0.7338333129882812,0.08852928131818771,14.0600004196167,8.0,37.0,7.548271179199219,0.2044,0.22002222222222223,50,50,0.2125,1.0,17.414409637451172
50,8.16288948059082,4.923985481262207,11.65612506866455,1.335687279701233,0.4710068106651306,0.3211406469345093,0.7602084279060364,0.07920239120721817,17.8799991607666,9.0,43.0,10.043187141418457,0.20542222222222223,0.2252888888888889,50,50,0.2125,1.0,17.615318298339844
