dataset,model,method,seed,exp_name,run_status,episode,labeled_count,best_val_accuracy,best_val_epoch,test_accuracy,train_time_sec,test_time_sec,acquisition_time_sec,round_time_sec,is_initial_sampling
CIFAR10,resnet18,uncertainty,1,uncertainty_1_50b,complete,0,100,24.540000000000006,186,23.429999771118162,75.47211694717407,1.627166748046875,6.615059852600098,83.71434354782104,False
CIFAR10,resnet18,uncertainty,1,uncertainty_1_50b,complete,1,150,27.599999237060544,170,27.469999618530267,75.01996111869812,1.6167488098144531,6.601809024810791,83.23851895332336,False
CIFAR10,resnet18,uncertainty,1,uncertainty_1_50b,complete,2,200,30.979999160766596,146,29.989999237060545,75.52142310142517,1.4522006511688232,6.874548435211182,83.84817218780518,False
CIFAR10,resnet18,uncertainty,1,uncertainty_1_50b,complete,3,250,34.01999908447266,158,33.67999893188477,78.7930760383606,1.5422704219818115,6.952662467956543,87.28800892829895,False
CIFAR10,resnet18,uncertainty,1,uncertainty_1_50b,complete,4,300,34.91999923706055,100,35.409999122619624,79.44133472442627,1.5237059593200684,6.496411561965942,87.46145224571228,False
CIFAR10,resnet18,uncertainty,1,uncertainty_1_50b,complete,5,350,36.89999839782715,180,36.85999893188477,83.5738685131073,1.4952092170715332,6.526005983352661,91.5950837135315,False
CIFAR10,resnet18,uncertainty,1,uncertainty_1_50b,complete,6,400,38.31999900817871,168,38.069998817443846,83.50354361534119,1.5238325595855713,6.622964143753052,91.65034031867981,False
CIFAR10,resnet18,uncertainty,1,uncertainty_1_50b,complete,7,450,38.3799991607666,172,38.68999881744385,87.3458161354065,1.5020387172698975,6.650567531585693,95.49842238426208,False
CIFAR10,resnet18,uncertainty,1,uncertainty_1_50b,complete,8,500,39.09999893188476,98,39.54999881744385,87.89328169822693,1.5028836727142334,6.582074403762817,95.97823977470398,False
CIFAR10,resnet18,uncertainty,1,uncertainty_1_50b,complete,9,550,41.89999893188477,126,42.1699991607666,91.02977919578552,1.5609047412872314,6.512307643890381,99.10299158096313,False
CIFAR10,resnet18,uncertainty,1,uncertainty_1_50b,complete,10,600,41.99999816894531,150,41.509999198913576,91.59728503227234,1.4546623229980469,6.554468154907227,99.60641551017761,False
CIFAR10,resnet18,uncertainty,1,uncertainty_1_50b,complete,11,650,43.559999008178714,132,43.88999843597412,95.1237051486969,1.5204942226409912,6.787628889083862,103.43182826042175,False
CIFAR10,resnet18,uncertainty,1,uncertainty_1_50b,complete,12,700,43.3199991607666,152,43.289998588562014,95.81349778175354,1.5005269050598145,6.596150875091553,103.91017556190491,False
CIFAR10,resnet18,uncertainty,1,uncertainty_1_50b,complete,13,750,45.65999885559082,186,44.799998664855956,99.33613538742065,1.4406647682189941,6.8662943840026855,107.64309453964233,False
CIFAR10,resnet18,uncertainty,1,uncertainty_1_50b,complete,14,800,47.63999923706055,160,46.879999237060545,99.76180219650269,1.47178053855896,6.4875969886779785,107.72117972373962,False
CIFAR10,resnet18,uncertainty,1,uncertainty_1_50b,complete,15,850,46.51999908447266,190,46.0099987411499,103.41499161720276,1.4934945106506348,6.602243661880493,111.51072978973389,False
CIFAR10,resnet18,uncertainty,1,uncertainty_1_50b,complete,16,900,49.03999931335449,168,48.64999870300293,103.00543069839478,1.4706556797027588,6.4365057945251465,110.91259217262268,False
CIFAR10,resnet18,uncertainty,1,uncertainty_1_50b,complete,17,950,48.09999893188476,174,47.61999881744385,107.4358880519867,1.4894139766693115,6.556161880493164,115.48146390914917,False
CIFAR10,resnet18,uncertainty,1,uncertainty_1_50b,complete,18,1000,48.67999969482422,152,48.739999046325686,107.07085132598877,1.4908616542816162,6.639704465866089,115.20141744613647,False
CIFAR10,resnet18,uncertainty,1,uncertainty_1_50b,complete,19,1050,48.79999954223633,186,48.38999927520752,110.40629196166992,1.5105171203613281,6.561996936798096,118.47880601882935,False
CIFAR10,resnet18,uncertainty,1,uncertainty_1_50b,complete,20,1100,50.09999900817871,200,49.57999893188477,110.95437121391296,1.4909064769744873,6.798875570297241,119.24415326118469,False
CIFAR10,resnet18,uncertainty,1,uncertainty_1_50b,complete,21,1150,52.11999961853027,176,50.669999275207516,115.01802229881287,1.4749884605407715,6.872859477996826,123.36587023735046,False
CIFAR10,resnet18,uncertainty,1,uncertainty_1_50b,complete,22,1200,53.279998321533206,198,52.26999908447266,114.76316976547241,1.4903924465179443,6.510031700134277,122.76359391212463,False
CIFAR10,resnet18,uncertainty,1,uncertainty_1_50b,complete,23,1250,54.579999160766604,148,53.09999942779541,119.31521034240723,1.507742166519165,6.618902683258057,127.44185519218445,False
CIFAR10,resnet18,uncertainty,1,uncertainty_1_50b,complete,24,1300,54.09999893188476,160,53.079999122619625,119.04394483566284,1.5201663970947266,6.517104387283325,127.0812156200409,False
CIFAR10,resnet18,uncertainty,1,uncertainty_1_50b,complete,25,1350,56.43999855041504,188,55.82999900817871,122.50882315635681,1.5452427864074707,6.4853808879852295,130.5394468307495,False
CIFAR10,resnet18,uncertainty,1,uncertainty_1_50b,complete,26,1400,53.97999923706055,196,53.08999912261963,122.85654306411743,1.5149171352386475,6.455182313919067,130.82664251327515,False
CIFAR10,resnet18,uncertainty,1,uncertainty_1_50b,complete,27,1450,56.239998779296876,172,55.609998893737796,127.8701822757721,1.6239244937896729,6.469956398010254,135.96406316757202,False
CIFAR10,resnet18,uncertainty,1,uncertainty_1_50b,complete,28,1500,56.05999893188476,176,55.78999897003174,127.9007773399353,1.4381988048553467,6.502809286117554,135.8417854309082,False
CIFAR10,resnet18,uncertainty,1,uncertainty_1_50b,complete,29,1550,54.719999160766605,198,54.5599991607666,131.64564108848572,1.48207426071167,6.391835451126099,139.5195508003235,False
CIFAR10,resnet18,uncertainty,1,uncertainty_1_50b,complete,30,1600,56.19999908447266,160,55.489999008178714,131.44992470741272,1.4838621616363525,6.475353717803955,139.40914058685303,False
CIFAR10,resnet18,uncertainty,1,uncertainty_1_50b,complete,31,1650,57.07999870300293,126,57.26999885559082,135.57373309135437,1.4778826236724854,6.4031500816345215,143.45476579666138,False
CIFAR10,resnet18,uncertainty,1,uncertainty_1_50b,complete,32,1700,57.31999843597412,168,56.90999906539917,135.6277904510498,1.5450468063354492,6.416206359863281,143.58904361724854,False
CIFAR10,resnet18,uncertainty,1,uncertainty_1_50b,complete,33,1750,58.439998626708984,174,58.56999889373779,139.05167508125305,1.6453452110290527,6.523435354232788,147.2204556465149,False
CIFAR10,resnet18,uncertainty,1,uncertainty_1_50b,complete,34,1800,58.39999858856201,190,57.819998550415036,139.94340705871582,1.5964038372039795,6.404870271682739,147.94468116760254,False
CIFAR10,resnet18,uncertainty,1,uncertainty_1_50b,complete,35,1850,59.859998321533205,198,59.45999895095825,143.9824993610382,1.5017619132995605,6.454489231109619,151.9387505054474,False
CIFAR10,resnet18,uncertainty,1,uncertainty_1_50b,complete,36,1900,59.219999084472654,196,58.779998836517336,143.98300790786743,1.4509766101837158,6.480136394500732,151.91412091255188,False
CIFAR10,resnet18,uncertainty,1,uncertainty_1_50b,complete,37,1950,59.45999847412109,170,59.84999849319458,148.750962972641,1.453502893447876,6.3686134815216064,156.57307934761047,False
CIFAR10,resnet18,uncertainty,1,uncertainty_1_50b,complete,38,2000,59.819998550415036,146,59.52999891281128,148.07981371879578,1.5080161094665527,6.4087231159210205,155.99655294418335,False
CIFAR10,resnet18,uncertainty,1,uncertainty_1_50b,complete,39,2050,60.919998779296876,196,60.92999879837036,152.11995100975037,1.4555518627166748,6.388755559921265,159.9642584323883,False
CIFAR10,resnet18,uncertainty,1,uncertainty_1_50b,complete,40,2100,59.3199987411499,148,58.59999885559082,152.92833280563354,1.4840755462646484,6.418420791625977,160.83082914352417,False
CIFAR10,resnet18,uncertainty,1,uncertainty_1_50b,complete,41,2150,59.439998931884766,166,59.949999046325686,157.17286705970764,1.487565279006958,6.443594455718994,165.1040267944336,False
CIFAR10,resnet18,uncertainty,1,uncertainty_1_50b,complete,42,2200,61.89999877929687,192,60.67999853134155,156.33390378952026,1.5819776058197021,6.417371511459351,164.33325290679932,False
CIFAR10,resnet18,uncertainty,1,uncertainty_1_50b,complete,43,2250,59.23999843597412,164,59.259998893737794,160.54914498329163,1.4917657375335693,6.587509393692017,168.6284201145172,False
CIFAR10,resnet18,uncertainty,1,uncertainty_1_50b,complete,44,2300,62.31999866485596,168,62.61999834060669,160.90857315063477,1.47200345993042,6.410494327545166,168.79107093811035,False
CIFAR10,resnet18,uncertainty,1,uncertainty_1_50b,complete,45,2350,63.25999801635742,158,62.899998626708985,163.98062992095947,1.4902875423431396,6.384363889694214,171.85528135299683,False
CIFAR10,resnet18,uncertainty,1,uncertainty_1_50b,complete,46,2400,63.279998245239256,184,63.26999862670898,164.21174144744873,1.5741913318634033,6.399380445480347,172.18531322479248,False
CIFAR10,resnet18,uncertainty,1,uncertainty_1_50b,complete,47,2450,64.67999843597411,186,64.00999866485596,167.30229949951172,1.4849328994750977,6.283955335617065,175.07118773460388,False
CIFAR10,resnet18,uncertainty,1,uncertainty_1_50b,complete,48,2500,66.67999855041504,138,66.1699983215332,167.91834449768066,1.488969326019287,6.2727744579315186,175.68008828163147,False
CIFAR10,resnet18,uncertainty,1,uncertainty_1_50b,complete,49,2550,63.61999858856201,182,63.2499987411499,171.5661416053772,1.520005702972412,6.342029094696045,179.42817640304565,False
CIFAR10,resnet18,uncertainty,1,uncertainty_1_50b,complete,50,2600,62.21999790191651,184,61.119998397827146,171.57649970054626,1.4738192558288574,6.346457242965698,179.39677619934082,False
CIFAR10,resnet18,uncertainty,1,uncertainty_1_50b,complete,51,2650,67.03999813079834,182,66.67999820709228,176.16181778907776,1.504523754119873,6.252936124801636,183.91927766799927,False
CIFAR10,resnet18,uncertainty,1,uncertainty_1_50b,complete,52,2700,64.79999816894531,162,63.81999893188477,175.266850233078,1.4816241264343262,6.320301055908203,183.06877541542053,False
CIFAR10,resnet18,uncertainty,1,uncertainty_1_50b,complete,53,2750,65.15999851226806,178,64.29999824523927,178.14672327041626,1.6196982860565186,6.275985956192017,186.0424075126648,False
CIFAR10,resnet18,uncertainty,1,uncertainty_1_50b,complete,54,2800,64.9599984741211,182,64.28999835968017,180.38178992271423,1.4878146648406982,6.337220907211304,188.20682549476624,False
CIFAR10,resnet18,uncertainty,1,uncertainty_1_50b,complete,55,2850,67.33999839782715,186,66.25999822616578,185.155446767807,1.4860143661499023,6.220053195953369,192.86151432991028,False
CIFAR10,resnet18,uncertainty,1,uncertainty_1_50b,complete,56,2900,64.83999824523926,172,63.569998321533205,183.3227732181549,1.51906156539917,6.259111404418945,191.10094618797302,False
CIFAR10,resnet18,uncertainty,1,uncertainty_1_50b,complete,57,2950,68.69999797821045,184,68.19999826431274,186.64185881614685,1.630591869354248,6.2560951709747314,194.52854585647583,False
CIFAR10,resnet18,uncertainty,1,uncertainty_1_50b,complete,58,3000,68.45999813079834,182,66.66999818801881,186.93308782577515,1.5166821479797363,6.273496866226196,194.72326683998108,False
CIFAR10,resnet18,uncertainty,1,uncertainty_1_50b,complete,59,3050,67.89999839782715,188,67.00999801635743,191.5341420173645,1.472238302230835,6.219314098358154,199.2256944179535,False
CIFAR10,resnet18,uncertainty,1,uncertainty_1_50b,complete,60,3100,69.37999794006348,176,68.31999824523926,192.03947734832764,1.4830501079559326,6.333231449127197,199.85575890541077,False
CIFAR10,resnet18,uncertainty,1,uncertainty_1_50b,complete,61,3150,68.77999816894531,192,68.16999835968018,195.69076132774353,1.4677693843841553,6.282145738601685,203.44067645072937,False
CIFAR10,resnet18,uncertainty,1,uncertainty_1_50b,complete,62,3200,68.77999843597412,192,67.49999811172486,195.89288449287415,1.5094668865203857,6.355408430099487,203.75775980949402,False
CIFAR10,resnet18,uncertainty,1,uncertainty_1_50b,complete,63,3250,68.33999805450439,182,66.99999816894531,199.59736132621765,1.4935317039489746,6.2598936557769775,207.3507866859436,False
CIFAR10,resnet18,uncertainty,1,uncertainty_1_50b,complete,64,3300,69.53999813079834,186,68.6999983215332,198.65654850006104,1.4798939228057861,6.177959680557251,206.31440210342407,False
CIFAR10,resnet18,uncertainty,1,uncertainty_1_50b,complete,65,3350,69.57999797821046,184,69.00999807357788,202.58656978607178,1.5070009231567383,6.246865272521973,210.3404359817505,False
CIFAR10,resnet18,uncertainty,1,uncertainty_1_50b,complete,66,3400,68.65999794006348,158,67.9599981689453,203.12498927116394,1.473789930343628,6.21518611907959,210.81396532058716,False
CIFAR10,resnet18,uncertainty,1,uncertainty_1_50b,complete,67,3450,69.93999839782715,178,68.86999803543091,207.3667643070221,1.4709575176239014,6.214247226715088,215.05196905136108,False
CIFAR10,resnet18,uncertainty,1,uncertainty_1_50b,complete,68,3500,69.87999843597412,192,68.7499983406067,206.79533004760742,1.4839468002319336,6.213019847869873,214.49229669570923,False
CIFAR10,resnet18,uncertainty,1,uncertainty_1_50b,complete,69,3550,71.51999851226807,178,70.10999816894531,210.63048219680786,1.6027882099151611,6.199428558349609,218.43269896507263,False
CIFAR10,resnet18,uncertainty,1,uncertainty_1_50b,complete,70,3600,72.01999835968017,156,71.2499981880188,211.40249800682068,1.4843065738677979,6.12199592590332,219.0088005065918,False
CIFAR10,resnet18,uncertainty,1,uncertainty_1_50b,complete,71,3650,72.91999828338624,170,71.46999828338623,215.82305717468262,1.5216035842895508,6.2422285079956055,223.58688926696777,False
CIFAR10,resnet18,uncertainty,1,uncertainty_1_50b,complete,72,3700,70.57999809265137,188,69.70999767303466,214.52733755111694,1.4853184223175049,6.209038496017456,222.2216944694519,False
CIFAR10,resnet18,uncertainty,1,uncertainty_1_50b,complete,73,3750,72.19999835968018,192,71.78999816894532,219.06863832473755,1.593613624572754,6.179880142211914,226.84213209152222,False
CIFAR10,resnet18,uncertainty,1,uncertainty_1_50b,complete,74,3800,72.71999792098998,200,71.42999807357788,218.65544533729553,1.431868314743042,6.100508451461792,226.18782210350037,False
CIFAR10,resnet18,uncertainty,1,uncertainty_1_50b,complete,75,3850,70.91999847412109,176,70.28999813079834,223.2636959552765,1.5183870792388916,6.104851007461548,230.88693404197693,False
CIFAR10,resnet18,uncertainty,1,uncertainty_1_50b,complete,76,3900,73.49999843597412,200,73.32999813079834,223.36132764816284,1.49371337890625,6.131370306015015,230.9864113330841,False
CIFAR10,resnet18,uncertainty,1,uncertainty_1_50b,complete,77,3950,72.41999839782714,200,71.37999799728394,227.6430459022522,1.483821153640747,6.093296051025391,235.22016310691833,False
CIFAR10,resnet18,uncertainty,1,uncertainty_1_50b,complete,78,4000,73.43999801635742,186,72.80999820709229,227.24773359298706,1.4878897666931152,6.128963470458984,234.86458683013916,False
CIFAR10,resnet18,uncertainty,1,uncertainty_1_50b,complete,79,4050,73.03999828338623,178,72.15999792099,232.14057540893555,1.4690792560577393,6.073496103286743,239.68315076828003,False
CIFAR10,resnet18,uncertainty,1,uncertainty_1_50b,complete,80,4100,74.2399977684021,164,73.4699979019165,231.42976546287537,1.4872143268585205,6.104596376419067,239.02157616615295,False
CIFAR10,resnet18,uncertainty,1,uncertainty_1_50b,complete,81,4150,73.51999794006348,172,72.41999816894531,233.63431119918823,1.6056592464447021,6.1092095375061035,241.34917998313904,False
CIFAR10,resnet18,uncertainty,1,uncertainty_1_50b,complete,82,4200,74.11999813079834,162,73.30999797821045,237.36254048347473,1.5993013381958008,6.148592710494995,245.11043453216553,False
CIFAR10,resnet18,uncertainty,1,uncertainty_1_50b,complete,83,4250,74.65999782562255,158,74.05999821662903,241.42208981513977,1.4536752700805664,6.092339992523193,248.96810507774353,False
CIFAR10,resnet18,uncertainty,1,uncertainty_1_50b,complete,84,4300,75.31999824523926,182,75.10999822616577,242.13715744018555,1.4822044372558594,6.057210445404053,249.67657232284546,False
CIFAR10,resnet18,uncertainty,1,uncertainty_1_50b,complete,85,4350,75.13999805450439,190,74.11999830245972,245.37335658073425,1.4761052131652832,6.028875112533569,252.8783369064331,False
CIFAR10,resnet18,uncertainty,1,uncertainty_1_50b,complete,86,4400,74.69999847412109,186,73.57999809265137,246.4073143005371,1.49647855758667,6.072223663330078,253.97601652145386,False
CIFAR10,resnet18,uncertainty,1,uncertainty_1_50b,complete,87,4450,76.4599981689453,182,75.14999822616576,251.3555040359497,1.484349012374878,6.002769231796265,258.84262228012085,False
CIFAR10,resnet18,uncertainty,1,uncertainty_1_50b,complete,88,4500,75.83999797821045,164,74.72999811172485,254.07886815071106,1.5120465755462646,6.056151866912842,261.64706659317017,False
CIFAR10,resnet18,uncertainty,1,uncertainty_1_50b,complete,89,4550,75.81999782562255,196,74.18999797821044,258.0256292819977,1.4855763912200928,6.015922546386719,265.5271282196045,False
CIFAR10,resnet18,uncertainty,1,uncertainty_1_50b,complete,90,4600,77.19999784469604,184,76.53999782562256,257.7993381023407,1.5105175971984863,6.242396354675293,265.5522520542145,False
CIFAR10,resnet18,uncertainty,1,uncertainty_1_50b,complete,91,4650,74.55999824523926,166,73.79999789237976,262.1910865306854,1.5238220691680908,6.00154447555542,269.71645307540894,False
CIFAR10,resnet18,uncertainty,1,uncertainty_1_50b,complete,92,4700,75.49999820709229,188,74.73999795913696,261.132830619812,1.6298587322235107,6.026775360107422,268.78946471214294,False
CIFAR10,resnet18,uncertainty,1,uncertainty_1_50b,complete,93,4750,76.7399980545044,198,75.42999807357788,266.7848434448242,1.4813868999481201,6.015530824661255,274.2817611694336,False
CIFAR10,resnet18,uncertainty,1,uncertainty_1_50b,complete,94,4800,77.69999784469604,192,76.97999811172485,268.0802426338196,1.4495666027069092,6.003146648406982,275.5329558849335,False
CIFAR10,resnet18,uncertainty,1,uncertainty_1_50b,complete,95,4850,76.6599980545044,178,75.15999801635742,269.4314856529236,1.5108582973480225,5.971044063568115,276.9133880138397,False
CIFAR10,resnet18,uncertainty,1,uncertainty_1_50b,complete,96,4900,77.11999820709228,200,76.15999831199646,271.03397512435913,1.5116171836853027,6.042462110519409,278.58805441856384,False
CIFAR10,resnet18,uncertainty,1,uncertainty_1_50b,complete,97,4950,75.4999984741211,200,74.66999807357789,273.02771043777466,1.557997226715088,6.0244300365448,280.61013770103455,False
CIFAR10,resnet18,uncertainty,1,uncertainty_1_50b,complete,98,5000,75.91999794006348,164,74.55999819755554,273.0816774368286,1.4962098598480225,5.966445684432983,280.5443329811096,False
CIFAR10,resnet18,uncertainty,1,uncertainty_1_50b,complete,99,5050,76.19999816894531,192,75.67999771118164,280.2692973613739,1.507349967956543,6.039483547210693,287.81613087654114,False
CIFAR10,resnet18,uncertainty,1,uncertainty_1_50b,complete,100,5050,76.55999807357787,196,76.24999822616577,279.77017283439636,1.587812900543213,0.0,281.3579857349396,False
CIFAR10,resnet18,uncertainty,2,uncertainty_2_50b,complete,0,100,22.459999999999994,60,21.129999923706052,76.29222202301025,1.5729632377624512,6.4827728271484375,84.34795808792114,False
CIFAR10,resnet18,uncertainty,2,uncertainty_2_50b,complete,1,150,26.79999954223632,68,25.809999694824214,76.35654711723328,1.470876693725586,6.579934358596802,84.40735816955566,False
CIFAR10,resnet18,uncertainty,2,uncertainty_2_50b,complete,2,200,29.419999542236326,134,27.849999313354488,76.01161742210388,1.5415568351745605,6.5788116455078125,84.13198590278625,False
CIFAR10,resnet18,uncertainty,2,uncertainty_2_50b,complete,3,250,32.67999862670898,158,31.67999900817871,79.88206505775452,1.5221199989318848,6.563734292984009,87.96791934967041,False
CIFAR10,resnet18,uncertainty,2,uncertainty_2_50b,complete,4,300,34.03999923706054,198,32.849999122619636,80.3465039730072,1.5289742946624756,6.625071287155151,88.50054955482483,False
CIFAR10,resnet18,uncertainty,2,uncertainty_2_50b,complete,5,350,34.93999961853028,124,33.929999122619634,84.59851932525635,1.6021232604980469,6.564120054244995,92.76476263999939,False
CIFAR10,resnet18,uncertainty,2,uncertainty_2_50b,complete,6,400,38.87999885559082,132,37.25999900817871,84.87752676010132,1.5941162109375,6.550920009613037,93.02256298065186,False
CIFAR10,resnet18,uncertainty,2,uncertainty_2_50b,complete,7,450,38.91999900817871,178,37.45999885559082,88.69195008277893,1.5171666145324707,6.59433913230896,96.80345582962036,False
CIFAR10,resnet18,uncertainty,2,uncertainty_2_50b,complete,8,500,39.91999870300293,182,39.54999858856201,88.97852206230164,1.5236072540283203,6.577795505523682,97.07992482185364,False
CIFAR10,resnet18,uncertainty,2,uncertainty_2_50b,complete,9,550,41.33999862670898,192,41.09999900817871,92.87730002403259,1.6638765335083008,6.628587007522583,101.16976356506348,False
CIFAR10,resnet18,uncertainty,2,uncertainty_2_50b,complete,10,600,40.19999855041504,132,39.359998817443845,92.9638524055481,1.4653732776641846,6.512763977050781,100.94198966026306,False
CIFAR10,resnet18,uncertainty,2,uncertainty_2_50b,complete,11,650,42.89999816894531,162,43.06999862670899,97.00201892852783,1.4751291275024414,6.527202844619751,105.00435090065002,False
CIFAR10,resnet18,uncertainty,2,uncertainty_2_50b,complete,12,700,43.239999008178714,190,42.54999877929688,96.91502666473389,1.474491834640503,6.5930259227752686,104.98254442214966,False
CIFAR10,resnet18,uncertainty,2,uncertainty_2_50b,complete,13,750,42.97999870300293,178,41.5999987411499,100.84644746780396,1.521719217300415,6.530212879180908,108.89837956428528,False
CIFAR10,resnet18,uncertainty,2,uncertainty_2_50b,complete,14,800,44.039999389648436,128,43.73999889373779,100.56671047210693,1.5126738548278809,6.552694320678711,108.63207864761353,False
CIFAR10,resnet18,uncertainty,2,uncertainty_2_50b,complete,15,850,45.599998779296875,162,44.929999084472655,105.15259504318237,1.4855337142944336,6.953263521194458,113.59139227867126,False
CIFAR10,resnet18,uncertainty,2,uncertainty_2_50b,complete,16,900,47.35999877929687,182,47.40999927520752,105.48661589622498,1.5044424533843994,6.501840829849243,113.49289917945862,False
CIFAR10,resnet18,uncertainty,2,uncertainty_2_50b,complete,17,950,46.13999938964844,194,45.19999862670898,109.16460633277893,1.48958158493042,6.51973557472229,117.17392349243164,False
CIFAR10,resnet18,uncertainty,2,uncertainty_2_50b,complete,18,1000,47.579999084472654,128,46.8499991607666,109.07431387901306,1.6327259540557861,6.527185440063477,117.23422527313232,False
CIFAR10,resnet18,uncertainty,2,uncertainty_2_50b,complete,19,1050,48.71999900817871,164,48.22999908447266,112.46565389633179,1.486370325088501,6.588348627090454,120.54037284851074,False
CIFAR10,resnet18,uncertainty,2,uncertainty_2_50b,complete,20,1100,48.75999923706055,186,47.969999160766605,113.33271312713623,1.5599613189697266,6.57516622543335,121.4678406715393,False
CIFAR10,resnet18,uncertainty,2,uncertainty_2_50b,complete,21,1150,50.53999893188477,176,50.389999084472656,117.38911247253418,1.4833309650421143,6.477685451507568,125.35012888908386,False
CIFAR10,resnet18,uncertainty,2,uncertainty_2_50b,complete,22,1200,51.299999465942385,198,50.289999351501464,116.57996988296509,1.5136921405792236,6.488728046417236,124.58239006996155,False
CIFAR10,resnet18,uncertainty,2,uncertainty_2_50b,complete,23,1250,53.59999885559082,134,52.29999900817871,121.98026847839355,1.5557405948638916,6.601846933364868,130.13785600662231,False
CIFAR10,resnet18,uncertainty,2,uncertainty_2_50b,complete,24,1300,54.43999923706055,152,52.6599991607666,120.74704694747925,1.52138352394104,6.7970709800720215,129.0655014514923,False
CIFAR10,resnet18,uncertainty,2,uncertainty_2_50b,complete,25,1350,52.21999946594238,168,52.20999893188477,124.92569828033447,1.4845035076141357,6.462790489196777,132.87299227714539,False
CIFAR10,resnet18,uncertainty,2,uncertainty_2_50b,complete,26,1400,54.49999893188477,136,54.30999885559082,125.00862312316895,1.5505955219268799,6.463091850280762,133.0223104953766,False
CIFAR10,resnet18,uncertainty,2,uncertainty_2_50b,complete,27,1450,54.57999954223633,170,53.989998512268066,130.63031148910522,1.5288991928100586,6.457597255706787,138.61680793762207,False
CIFAR10,resnet18,uncertainty,2,uncertainty_2_50b,complete,28,1500,55.63999946594238,158,54.7899991607666,128.79955554008484,1.6245629787445068,6.504757881164551,136.9288763999939,False
CIFAR10,resnet18,uncertainty,2,uncertainty_2_50b,complete,29,1550,55.63999839782715,182,54.209999084472656,133.46010279655457,1.512333869934082,6.633909463882446,141.6063461303711,False
CIFAR10,resnet18,uncertainty,2,uncertainty_2_50b,complete,30,1600,54.55999893188476,138,53.529999351501466,133.20838713645935,1.5504302978515625,6.482167720794678,141.2409851551056,False
CIFAR10,resnet18,uncertainty,2,uncertainty_2_50b,complete,31,1650,57.45999870300293,164,56.64999870300293,138.64000606536865,1.4873058795928955,6.529483795166016,146.65679574012756,False
CIFAR10,resnet18,uncertainty,2,uncertainty_2_50b,complete,32,1700,56.81999885559082,200,55.589998397827145,136.76079535484314,1.613844394683838,6.373384237289429,144.7480239868164,False
CIFAR10,resnet18,uncertainty,2,uncertainty_2_50b,complete,33,1750,56.69999877929688,200,55.76999889373779,141.24819111824036,1.6873183250427246,6.4158618450164795,149.35137128829956,False
CIFAR10,resnet18,uncertainty,2,uncertainty_2_50b,complete,34,1800,58.41999870300293,190,56.81999889373779,141.70660734176636,1.4568843841552734,6.385527849197388,149.54901957511902,False
CIFAR10,resnet18,uncertainty,2,uncertainty_2_50b,complete,35,1850,57.13999893188477,154,55.269999198913574,144.92237520217896,1.526437520980835,6.440610885620117,152.8894236087799,False
CIFAR10,resnet18,uncertainty,2,uncertainty_2_50b,complete,36,1900,59.25999855041504,190,58.26999885559082,144.63450145721436,1.5851130485534668,6.4104626178741455,152.63007712364197,False
CIFAR10,resnet18,uncertainty,2,uncertainty_2_50b,complete,37,1950,58.55999893188476,180,57.69999883651733,149.33766913414001,1.5306274890899658,6.361037254333496,157.22933387756348,False
CIFAR10,resnet18,uncertainty,2,uncertainty_2_50b,complete,38,2000,61.3999987411499,198,60.58999858856201,149.52360129356384,1.470059871673584,6.364220380783081,157.3578815460205,False
CIFAR10,resnet18,uncertainty,2,uncertainty_2_50b,complete,39,2050,61.619998626708984,196,60.40999889373779,154.15235948562622,1.5715265274047852,6.372918128967285,162.0968041419983,False
CIFAR10,resnet18,uncertainty,2,uncertainty_2_50b,complete,40,2100,60.95999881744385,184,59.83999855041504,153.98966264724731,1.4937891960144043,6.414308786392212,161.89776062965393,False
CIFAR10,resnet18,uncertainty,2,uncertainty_2_50b,complete,41,2150,60.219998321533204,170,59.439998874664305,159.7455108165741,1.8786354064941406,6.352936744689941,167.97708296775818,False
CIFAR10,resnet18,uncertainty,2,uncertainty_2_50b,complete,42,2200,59.75999824523926,182,58.899998874664306,159.06038904190063,1.589064359664917,6.423418998718262,167.0728724002838,False
CIFAR10,resnet18,uncertainty,2,uncertainty_2_50b,complete,43,2250,61.69999855041504,200,60.79999845504761,162.82327842712402,1.5018231868743896,6.281155824661255,170.60625743865967,False
CIFAR10,resnet18,uncertainty,2,uncertainty_2_50b,complete,44,2300,62.7399983215332,166,61.78999843597412,162.55074763298035,1.461888074874878,6.347521543502808,170.36015725135803,False
CIFAR10,resnet18,uncertainty,2,uncertainty_2_50b,complete,45,2350,64.05999835968018,194,62.849998455047604,167.0917477607727,1.4647328853607178,6.3536717891693115,174.91015243530273,False
CIFAR10,resnet18,uncertainty,2,uncertainty_2_50b,complete,46,2400,64.79999843597412,142,63.98999801635742,168.15040922164917,1.5046977996826172,6.325983047485352,175.98109006881714,False
CIFAR10,resnet18,uncertainty,2,uncertainty_2_50b,complete,47,2450,63.799998359680174,168,62.95999837875366,170.8853509426117,1.5046262741088867,6.561211585998535,178.95118880271912,False
CIFAR10,resnet18,uncertainty,2,uncertainty_2_50b,complete,48,2500,65.93999858856202,176,64.52999830245972,169.98004531860352,1.4892699718475342,6.340740203857422,177.81005549430847,False
CIFAR10,resnet18,uncertainty,2,uncertainty_2_50b,complete,49,2550,65.09999835968017,170,63.93999797821045,173.7489070892334,1.4750843048095703,6.3158347606658936,181.53982615470886,False
CIFAR10,resnet18,uncertainty,2,uncertainty_2_50b,complete,50,2600,64.57999870300293,170,63.34999816894531,174.34782600402832,1.4572458267211914,6.288534641265869,182.09360647201538,False
CIFAR10,resnet18,uncertainty,2,uncertainty_2_50b,complete,51,2650,65.27999828338622,148,64.16999835968018,179.51044344902039,1.5595462322235107,6.327760934829712,187.3977506160736,False
CIFAR10,resnet18,uncertainty,2,uncertainty_2_50b,complete,52,2700,66.23999828338623,168,65.27999830245972,178.4947533607483,1.559302806854248,6.39254355430603,186.44659972190857,False
CIFAR10,resnet18,uncertainty,2,uncertainty_2_50b,complete,53,2750,66.35999855041504,162,64.75999847412109,184.16138458251953,1.4706778526306152,6.339606285095215,191.97166872024536,False
CIFAR10,resnet18,uncertainty,2,uncertainty_2_50b,complete,54,2800,66.57999843597412,186,65.79999856948852,183.02737998962402,1.4979538917541504,6.3164918422698975,190.84182572364807,False
CIFAR10,resnet18,uncertainty,2,uncertainty_2_50b,complete,55,2850,66.31999847412109,164,65.30999826431275,188.2566258907318,1.500687837600708,10.130643844604492,199.887957572937,False
CIFAR10,resnet18,uncertainty,2,uncertainty_2_50b,complete,56,2900,67.11999794006348,172,65.64999794006349,187.26488304138184,1.5581493377685547,6.236967086791992,195.05999946594238,False
CIFAR10,resnet18,uncertainty,2,uncertainty_2_50b,complete,57,2950,66.83999797821045,160,65.74999820709229,192.86057591438293,1.4524352550506592,6.49290919303894,200.80592036247253,False
CIFAR10,resnet18,uncertainty,2,uncertainty_2_50b,complete,58,3000,66.97999839782715,190,66.36999834060668,190.11499309539795,1.5424747467041016,6.212655305862427,197.87012314796448,False
CIFAR10,resnet18,uncertainty,2,uncertainty_2_50b,complete,59,3050,70.13999824523925,200,68.32999814987183,194.74851417541504,1.5039000511169434,6.2596306800842285,202.5120449066162,False
CIFAR10,resnet18,uncertainty,2,uncertainty_2_50b,complete,60,3100,67.01999835968017,186,66.04999813079834,194.85451340675354,1.5059340000152588,6.202092409133911,202.5625398159027,False
CIFAR10,resnet18,uncertainty,2,uncertainty_2_50b,complete,61,3150,68.03999797821045,168,66.18999822616577,198.42974257469177,1.5246169567108154,6.231398105621338,206.18575763702393,False
CIFAR10,resnet18,uncertainty,2,uncertainty_2_50b,complete,62,3200,70.79999763488769,186,68.81999807357788,197.1875,1.545762300491333,6.30159068107605,205.03485298156738,False
CIFAR10,resnet18,uncertainty,2,uncertainty_2_50b,complete,63,3250,69.69999824523926,198,68.10999788284302,204.51040410995483,1.4897193908691406,6.511159420013428,212.5112829208374,False
CIFAR10,resnet18,uncertainty,2,uncertainty_2_50b,complete,64,3300,67.89999813079834,182,66.57999853134154,202.5163357257843,1.6103756427764893,6.215512275695801,210.3422236442566,False
CIFAR10,resnet18,uncertainty,2,uncertainty_2_50b,complete,65,3350,70.17999834060669,164,68.93999837875366,206.9406852722168,1.5492641925811768,6.14206075668335,214.63201022148132,False
CIFAR10,resnet18,uncertainty,2,uncertainty_2_50b,complete,66,3400,69.49999839782714,194,67.56999780654908,206.44098114967346,1.4856007099151611,6.132376432418823,214.05895829200745,False
CIFAR10,resnet18,uncertainty,2,uncertainty_2_50b,complete,67,3450,69.71999835968018,138,68.45999822616577,211.13568496704102,1.5335693359375,6.210403203964233,218.87965750694275,False
CIFAR10,resnet18,uncertainty,2,uncertainty_2_50b,complete,68,3500,69.87999794006348,184,68.62999809265136,209.56001114845276,1.5418334007263184,6.228798866271973,217.33064341545105,False
CIFAR10,resnet18,uncertainty,2,uncertainty_2_50b,complete,69,3550,69.95999797821045,194,67.8099984550476,212.72163558006287,1.5883936882019043,6.131798267364502,220.44182753562927,False
CIFAR10,resnet18,uncertainty,2,uncertainty_2_50b,complete,70,3600,74.41999862670899,160,71.43999811172486,214.16663694381714,1.4815032482147217,6.222227096557617,221.87036728858948,False
CIFAR10,resnet18,uncertainty,2,uncertainty_2_50b,complete,71,3650,73.079998588562,176,70.55999788284302,218.41913747787476,1.5185987949371338,6.244657754898071,226.18239402770996,False
CIFAR10,resnet18,uncertainty,2,uncertainty_2_50b,complete,72,3700,71.55999824523926,186,69.3399982070923,216.8728530406952,1.517838954925537,6.34493350982666,224.7356255054474,False
CIFAR10,resnet18,uncertainty,2,uncertainty_2_50b,complete,73,3750,71.17999828338623,168,68.69999771118164,225.8690745830536,1.4817144870758057,6.103707313537598,233.454496383667,False
CIFAR10,resnet18,uncertainty,2,uncertainty_2_50b,complete,74,3800,70.87999832153321,180,69.25999820709228,220.72551918029785,1.597447156906128,6.118250131607056,228.44121646881104,False
CIFAR10,resnet18,uncertainty,2,uncertainty_2_50b,complete,75,3850,73.41999828338624,154,71.28999814987182,226.48302054405212,1.503288984298706,6.161214828491211,234.14752435684204,False
CIFAR10,resnet18,uncertainty,2,uncertainty_2_50b,complete,76,3900,74.23999835968017,190,72.18999834060669,227.54667019844055,1.5618579387664795,6.169806957244873,235.2783350944519,False
CIFAR10,resnet18,uncertainty,2,uncertainty_2_50b,complete,77,3950,71.63999843597412,182,69.58999816894531,232.30889225006104,1.496572494506836,6.169498920440674,239.97496366500854,False
CIFAR10,resnet18,uncertainty,2,uncertainty_2_50b,complete,78,4000,72.35999858856201,188,71.11999845504761,232.50722360610962,1.526172161102295,6.068482398986816,240.10187816619873,False
CIFAR10,resnet18,uncertainty,2,uncertainty_2_50b,complete,79,4050,72.7799983215332,160,70.66999814987183,235.80830311775208,1.4978351593017578,6.141562461853027,243.44770073890686,False
CIFAR10,resnet18,uncertainty,2,uncertainty_2_50b,complete,80,4100,71.01999851226807,138,69.35999851226806,237.94674611091614,1.5518147945404053,6.173267602920532,245.67182850837708,False
CIFAR10,resnet18,uncertainty,2,uncertainty_2_50b,complete,81,4150,74.11999759674072,182,72.51999841690063,240.29375076293945,1.479928731918335,6.074508190155029,247.84818768501282,False
CIFAR10,resnet18,uncertainty,2,uncertainty_2_50b,complete,82,4200,74.23999809265136,178,71.67999813079834,240.34189987182617,1.4917545318603516,6.304762363433838,248.13841676712036,False
CIFAR10,resnet18,uncertainty,2,uncertainty_2_50b,complete,83,4250,74.81999790191651,192,73.92999794006347,241.64797449111938,1.481858253479004,6.0908403396606445,249.22067308425903,False
CIFAR10,resnet18,uncertainty,2,uncertainty_2_50b,complete,84,4300,74.7599983215332,194,72.8599980354309,245.89971160888672,1.4949257373809814,6.105601072311401,253.5002384185791,False
CIFAR10,resnet18,uncertainty,2,uncertainty_2_50b,complete,85,4350,74.83999824523926,184,72.769998588562,248.01995062828064,1.4817872047424316,6.064015865325928,255.565753698349,False
CIFAR10,resnet18,uncertainty,2,uncertainty_2_50b,complete,86,4400,73.9999983215332,180,71.87999822616577,247.2265567779541,1.5057032108306885,6.092598915100098,254.8248589038849,False
CIFAR10,resnet18,uncertainty,2,uncertainty_2_50b,complete,87,4450,75.47999797821045,164,73.80999809265137,252.70618057250977,1.4716336727142334,6.012918472290039,260.19073271751404,False
CIFAR10,resnet18,uncertainty,2,uncertainty_2_50b,complete,88,4500,73.21999786376954,178,71.96999814987183,254.96849131584167,1.5206258296966553,6.068498611450195,262.5576157569885,False
CIFAR10,resnet18,uncertainty,2,uncertainty_2_50b,complete,89,4550,76.05999769210815,198,73.82999820709229,257.93286991119385,1.4921224117279053,6.022995710372925,265.4479880332947,False
CIFAR10,resnet18,uncertainty,2,uncertainty_2_50b,complete,90,4600,72.03999786376953,176,70.45999809265138,258.640172958374,1.4985244274139404,5.964204549789429,266.1029019355774,False
CIFAR10,resnet18,uncertainty,2,uncertainty_2_50b,complete,91,4650,74.73999782562257,190,73.33999792098999,262.2754502296448,1.5189712047576904,6.266293287277222,270.0607147216797,False
CIFAR10,resnet18,uncertainty,2,uncertainty_2_50b,complete,92,4700,74.31999858856202,182,72.3299980354309,262.0244607925415,1.4895555973052979,6.079891920089722,269.5939083099365,False
CIFAR10,resnet18,uncertainty,2,uncertainty_2_50b,complete,93,4750,76.4999984741211,160,74.5099981880188,265.2358102798462,1.4833133220672607,6.000507831573486,272.71963143348694,False
CIFAR10,resnet18,uncertainty,2,uncertainty_2_50b,complete,94,4800,75.87999820709229,198,74.33999803543091,264.9045293331146,1.6725564002990723,5.998348236083984,272.5754339694977,False
CIFAR10,resnet18,uncertainty,2,uncertainty_2_50b,complete,95,4850,75.7399981689453,156,73.62999801635742,271.38135385513306,1.5037872791290283,6.076716184616089,278.9618573188782,False
CIFAR10,resnet18,uncertainty,2,uncertainty_2_50b,complete,96,4900,75.17999816894532,178,72.95999811172486,268.52357268333435,1.48262619972229,5.994251251220703,276.00045013427734,False
CIFAR10,resnet18,uncertainty,2,uncertainty_2_50b,complete,97,4950,77.69999778747558,182,76.00999801635743,274.1062834262848,1.5112268924713135,5.93452262878418,281.5520329475403,False
CIFAR10,resnet18,uncertainty,2,uncertainty_2_50b,complete,98,5000,77.39999797821045,188,75.46999811172485,274.2414503097534,1.5548324584960938,6.006300687789917,281.80258345603943,False
CIFAR10,resnet18,uncertainty,2,uncertainty_2_50b,complete,99,5050,76.05999843597412,178,73.93999807357788,278.6447260379791,1.5876202583312988,6.036154508590698,286.2685008049011,False
CIFAR10,resnet18,uncertainty,2,uncertainty_2_50b,complete,100,5050,76.15999776840209,186,74.97999809265137,278.59584164619446,1.5564348697662354,0.0,280.1522765159607,False
CIFAR10,resnet18,uncertainty,3,uncertainty_3_50b,complete,0,100,23.95999969482422,88,24.199999771118158,76.57241559028625,1.5682904720306396,6.640946388244629,84.78165245056152,False
CIFAR10,resnet18,uncertainty,3,uncertainty_3_50b,complete,1,150,27.53999954223633,200,28.45999946594239,75.40833950042725,1.5455560684204102,6.705401659011841,83.6592972278595,False
CIFAR10,resnet18,uncertainty,3,uncertainty_3_50b,complete,2,200,30.47999961853027,172,31.269999504089355,75.95393919944763,1.5693762302398682,6.6951987743377686,84.21851420402527,False
CIFAR10,resnet18,uncertainty,3,uncertainty_3_50b,complete,3,250,31.659999237060546,190,32.38999919891357,79.69633316993713,1.5134460926055908,6.649624347686768,87.85940361022949,False
CIFAR10,resnet18,uncertainty,3,uncertainty_3_50b,complete,4,300,33.91999893188476,188,33.969999389648436,79.76253819465637,1.4866628646850586,6.9021689891815186,88.15137004852295,False
CIFAR10,resnet18,uncertainty,3,uncertainty_3_50b,complete,5,350,34.879999237060545,196,34.67999919891358,84.58134293556213,1.4862589836120605,6.942013263702393,93.00961518287659,False
CIFAR10,resnet18,uncertainty,3,uncertainty_3_50b,complete,6,400,36.55999824523926,146,36.809999008178714,83.36179828643799,1.663715124130249,6.585272550582886,91.61078596115112,False
CIFAR10,resnet18,uncertainty,3,uncertainty_3_50b,complete,7,450,38.09999839782715,152,37.97999904632568,87.74735641479492,1.5537481307983398,6.564795970916748,95.86590051651001,False
CIFAR10,resnet18,uncertainty,3,uncertainty_3_50b,complete,8,500,39.71999893188477,164,40.3499987411499,87.88342380523682,1.4832181930541992,6.618208885192871,95.98485088348389,False
CIFAR10,resnet18,uncertainty,3,uncertainty_3_50b,complete,9,550,41.37999870300293,150,41.92999839782715,92.4957549571991,1.5875465869903564,6.624830722808838,100.70813226699829,False
CIFAR10,resnet18,uncertainty,3,uncertainty_3_50b,complete,10,600,41.219998626708986,200,41.39999897003174,92.03076195716858,1.5381989479064941,6.625187158584595,100.19414806365967,False
CIFAR10,resnet18,uncertainty,3,uncertainty_3_50b,complete,11,650,42.2399983215332,172,41.66999870300293,96.68527364730835,1.4566731452941895,6.618501663208008,104.76044845581055,False
CIFAR10,resnet18,uncertainty,3,uncertainty_3_50b,complete,12,700,42.7999991607666,174,43.019998703002926,97.23344826698303,1.4583008289337158,6.534400939941406,105.22615003585815,False
CIFAR10,resnet18,uncertainty,3,uncertainty_3_50b,complete,13,750,43.079998626708985,186,43.68999912261963,100.40892767906189,1.4963629245758057,6.589749574661255,108.49504017829895,False
CIFAR10,resnet18,uncertainty,3,uncertainty_3_50b,complete,14,800,45.49999885559082,178,45.38999866485596,100.47550320625305,1.511582851409912,6.583688020706177,108.57077407836914,False
CIFAR10,resnet18,uncertainty,3,uncertainty_3_50b,complete,15,850,44.27999900817871,130,44.209998512268065,103.96633005142212,1.5272769927978516,6.923274040222168,112.41688108444214,False
CIFAR10,resnet18,uncertainty,3,uncertainty_3_50b,complete,16,900,46.45999870300293,158,46.399998626708985,104.54199862480164,1.6431512832641602,6.58838415145874,112.77353405952454,False
CIFAR10,resnet18,uncertainty,3,uncertainty_3_50b,complete,17,950,47.55999938964844,170,47.38999946594238,107.98259782791138,1.5867407321929932,6.587319612503052,116.15665817260742,False
CIFAR10,resnet18,uncertainty,3,uncertainty_3_50b,complete,18,1000,47.61999908447265,186,47.11999942779541,108.72914099693298,1.479572057723999,6.506354570388794,116.71506762504578,False
CIFAR10,resnet18,uncertainty,3,uncertainty_3_50b,complete,19,1050,46.499998779296874,134,46.439999160766604,111.90574169158936,1.4845495223999023,6.910072565078735,120.300363779068,False
CIFAR10,resnet18,uncertainty,3,uncertainty_3_50b,complete,20,1100,48.359999084472655,200,48.03999923706055,112.39666247367859,1.508549690246582,6.73486065864563,120.6400728225708,False
CIFAR10,resnet18,uncertainty,3,uncertainty_3_50b,complete,21,1150,50.6199991607666,176,50.43999908447265,116.05166053771973,1.5375969409942627,6.7546844482421875,124.34394192695618,False
CIFAR10,resnet18,uncertainty,3,uncertainty_3_50b,complete,22,1200,50.15999900817871,196,49.579999084472654,116.30754160881042,1.6112020015716553,6.514548063278198,124.43329167366028,False
CIFAR10,resnet18,uncertainty,3,uncertainty_3_50b,complete,23,1250,50.87999938964844,188,49.909998931884765,120.03377532958984,1.511174201965332,6.527031183242798,128.07198071479797,False
CIFAR10,resnet18,uncertainty,3,uncertainty_3_50b,complete,24,1300,51.11999900817871,132,50.71999904632568,120.70544457435608,1.4887723922729492,6.50115442276001,128.69537138938904,False
CIFAR10,resnet18,uncertainty,3,uncertainty_3_50b,complete,25,1350,51.47999885559082,178,51.129999008178714,124.47960615158081,1.577974796295166,6.496461391448975,132.55404233932495,False
CIFAR10,resnet18,uncertainty,3,uncertainty_3_50b,complete,26,1400,54.8799991607666,170,53.919998779296876,124.90361285209656,1.4904885292053223,6.475152254104614,132.8692536354065,False
CIFAR10,resnet18,uncertainty,3,uncertainty_3_50b,complete,27,1450,53.75999877929687,184,53.14999897003174,128.49906206130981,1.512861967086792,6.465985059738159,136.47790908813477,False
CIFAR10,resnet18,uncertainty,3,uncertainty_3_50b,complete,28,1500,54.259998626708985,144,53.89999897003174,128.47545623779297,1.484283447265625,6.472325325012207,136.4320650100708,False
CIFAR10,resnet18,uncertainty,3,uncertainty_3_50b,complete,29,1550,53.17999931335449,192,52.679998893737796,132.86321663856506,1.5624287128448486,6.460414886474609,140.88606023788452,False
CIFAR10,resnet18,uncertainty,3,uncertainty_3_50b,complete,30,1600,55.71999885559082,176,54.95999912261963,132.96198964118958,1.6557166576385498,6.450979232788086,141.0686855316162,False
CIFAR10,resnet18,uncertainty,3,uncertainty_3_50b,complete,31,1650,57.479998092651364,160,57.20999868392944,135.55636405944824,1.5182273387908936,6.4672465324401855,143.54183793067932,False
CIFAR10,resnet18,uncertainty,3,uncertainty_3_50b,complete,32,1700,56.49999923706055,188,55.789998893737796,138.14909291267395,1.5331504344940186,6.42128849029541,146.10353183746338,False
CIFAR10,resnet18,uncertainty,3,uncertainty_3_50b,complete,33,1750,57.999998893737796,138,57.249998893737796,140.80945754051208,1.470414400100708,6.514813423156738,148.79468536376953,False
CIFAR10,resnet18,uncertainty,3,uncertainty_3_50b,complete,34,1800,56.319998779296874,160,56.25999847412109,140.81490182876587,1.496896743774414,6.373805046081543,148.68560361862183,False
CIFAR10,resnet18,uncertainty,3,uncertainty_3_50b,complete,35,1850,56.839998931884764,190,56.00999845504761,144.71920609474182,1.6931490898132324,6.388233661651611,152.80058884620667,False
CIFAR10,resnet18,uncertainty,3,uncertainty_3_50b,complete,36,1900,58.93999877929687,190,57.80999876022339,145.14353561401367,1.4944612979888916,6.395978212356567,153.03397512435913,False
CIFAR10,resnet18,uncertainty,3,uncertainty_3_50b,complete,37,1950,57.31999893188477,160,56.53999900817871,149.03109049797058,1.5006976127624512,6.377018690109253,156.90880680084229,False
CIFAR10,resnet18,uncertainty,3,uncertainty_3_50b,complete,38,2000,56.29999885559082,192,56.75999881744385,148.20847082138062,1.5230789184570312,6.39165472984314,156.1232044696808,False
CIFAR10,resnet18,uncertainty,3,uncertainty_3_50b,complete,39,2050,59.459998779296875,194,59.42999834060669,151.9348692893982,1.4542829990386963,6.37296724319458,159.76211953163147,False
CIFAR10,resnet18,uncertainty,3,uncertainty_3_50b,complete,40,2100,58.85999870300293,162,58.899998607635496,154.30505681037903,1.466155767440796,6.30808424949646,162.07929682731628,False
CIFAR10,resnet18,uncertainty,3,uncertainty_3_50b,complete,41,2150,63.339998207092286,188,62.22999881744385,155.9447410106659,1.508460283279419,6.389489412307739,163.84269070625305,False
CIFAR10,resnet18,uncertainty,3,uncertainty_3_50b,complete,42,2200,59.339998931884764,180,59.10999855041504,157.7718460559845,1.5560088157653809,6.360699892044067,165.68855476379395,False
CIFAR10,resnet18,uncertainty,3,uncertainty_3_50b,complete,43,2250,59.19999843597412,190,60.01999851226807,162.4228241443634,1.5264253616333008,6.314485549926758,170.26373505592346,False
CIFAR10,resnet18,uncertainty,3,uncertainty_3_50b,complete,44,2300,60.69999858856201,186,59.2799987411499,159.64750170707703,1.5144190788269043,6.334662914276123,167.49658370018005,False
CIFAR10,resnet18,uncertainty,3,uncertainty_3_50b,complete,45,2350,61.4999987411499,190,60.909998741149906,163.96203351020813,1.5358498096466064,6.27964973449707,171.7775330543518,False
CIFAR10,resnet18,uncertainty,3,uncertainty_3_50b,complete,46,2400,63.339998207092286,160,62.66999816894531,166.67251563072205,1.5120298862457275,6.398738384246826,174.5832839012146,False
CIFAR10,resnet18,uncertainty,3,uncertainty_3_50b,complete,47,2450,60.85999820709228,168,60.239998512268066,170.58646154403687,1.5573015213012695,6.3525471687316895,178.49631023406982,False
CIFAR10,resnet18,uncertainty,3,uncertainty_3_50b,complete,48,2500,61.01999889373779,186,62.099998722076414,170.22085976600647,1.4680569171905518,6.300431966781616,177.98934864997864,False
CIFAR10,resnet18,uncertainty,3,uncertainty_3_50b,complete,49,2550,64.17999858856201,166,63.35999843597412,173.70848608016968,1.8326122760772705,6.553325653076172,182.09442400932312,False
CIFAR10,resnet18,uncertainty,3,uncertainty_3_50b,complete,50,2600,61.719998588562014,168,61.79999845504761,174.72272443771362,1.4654693603515625,6.285678386688232,182.47387218475342,False
CIFAR10,resnet18,uncertainty,3,uncertainty_3_50b,complete,51,2650,60.619998359680174,156,60.81999845504761,179.48072481155396,1.5358812808990479,6.244493246078491,187.2610993385315,False
CIFAR10,resnet18,uncertainty,3,uncertainty_3_50b,complete,52,2700,63.999998817443846,194,64.47999837875366,180.89363932609558,1.5027520656585693,6.263986825942993,188.66037821769714,False
CIFAR10,resnet18,uncertainty,3,uncertainty_3_50b,complete,53,2750,63.879999008178714,174,63.86999845504761,181.9834222793579,1.6673226356506348,6.266294717788696,189.91703963279724,False
CIFAR10,resnet18,uncertainty,3,uncertainty_3_50b,complete,54,2800,64.23999851226807,174,64.78999814987182,181.06927514076233,1.5287456512451172,6.265840291976929,188.86386108398438,False
CIFAR10,resnet18,uncertainty,3,uncertainty_3_50b,complete,55,2850,66.75999801635743,198,66.14999862670899,186.0228111743927,1.4873592853546143,6.255429744720459,193.76560020446777,False
CIFAR10,resnet18,uncertainty,3,uncertainty_3_50b,complete,56,2900,64.61999862670899,198,64.59999877929687,186.49353766441345,1.4780573844909668,6.284536600112915,194.25613164901733,False
CIFAR10,resnet18,uncertainty,3,uncertainty_3_50b,complete,57,2950,65.8399979019165,158,65.2399984741211,190.8358552455902,1.5181803703308105,6.239656209945679,198.5936918258667,False
CIFAR10,resnet18,uncertainty,3,uncertainty_3_50b,complete,58,3000,67.41999843597412,180,67.3099984741211,191.31289887428284,1.5874965190887451,6.2544801235198975,199.15487551689148,False
CIFAR10,resnet18,uncertainty,3,uncertainty_3_50b,complete,59,3050,65.41999839782716,192,65.48999843597412,193.01621556282043,1.652547836303711,6.24371862411499,200.91248202323914,False
CIFAR10,resnet18,uncertainty,3,uncertainty_3_50b,complete,60,3100,65.33999839782715,166,65.31999801635743,194.18586254119873,1.49802565574646,6.247823238372803,201.931711435318,False
CIFAR10,resnet18,uncertainty,3,uncertainty_3_50b,complete,61,3150,67.49999801635742,182,68.18999826431275,198.54624676704407,1.4803383350372314,6.172015428543091,206.1986005306244,False
CIFAR10,resnet18,uncertainty,3,uncertainty_3_50b,complete,62,3200,69.23999839782715,196,68.79999845504761,199.30534839630127,1.5104601383209229,6.287538766860962,207.10334730148315,False
CIFAR10,resnet18,uncertainty,3,uncertainty_3_50b,complete,63,3250,69.59999820709228,172,69.1599980545044,203.36462831497192,1.486358642578125,6.198298454284668,211.04928541183472,False
CIFAR10,resnet18,uncertainty,3,uncertainty_3_50b,complete,64,3300,67.91999797821045,184,67.96999784469605,201.93501782417297,1.508774757385254,6.768870830535889,210.21266341209412,False
CIFAR10,resnet18,uncertainty,3,uncertainty_3_50b,complete,65,3350,66.5199983215332,164,66.61999864578247,207.0632221698761,1.5360064506530762,6.217266082763672,214.81649470329285,False
CIFAR10,resnet18,uncertainty,3,uncertainty_3_50b,complete,66,3400,68.2399981689453,160,68.81999843597413,206.34703159332275,1.4990429878234863,6.217106342315674,214.0631809234619,False
CIFAR10,resnet18,uncertainty,3,uncertainty_3_50b,complete,67,3450,67.43999839782714,194,68.21999814987183,209.86954522132874,1.5222129821777344,6.2342369556427,217.62599515914917,False
CIFAR10,resnet18,uncertainty,3,uncertainty_3_50b,complete,68,3500,68.8999980545044,196,69.05999822616577,211.2745807170868,1.8266360759735107,6.456453323364258,219.55767011642456,False
CIFAR10,resnet18,uncertainty,3,uncertainty_3_50b,complete,69,3550,67.37999824523925,190,67.49999843597412,214.12182068824768,1.6461355686187744,6.178247928619385,221.94620418548584,False
CIFAR10,resnet18,uncertainty,3,uncertainty_3_50b,complete,70,3600,70.61999828338622,172,69.81999837875367,214.46676921844482,1.5153083801269531,6.144525527954102,222.12660312652588,False
CIFAR10,resnet18,uncertainty,3,uncertainty_3_50b,complete,71,3650,70.47999809265137,170,70.87999773025513,215.73486852645874,1.482450246810913,6.251486539840698,223.46880531311035,False
CIFAR10,resnet18,uncertainty,3,uncertainty_3_50b,complete,72,3700,68.25999820709228,200,69.27999795913696,219.27920055389404,1.502373456954956,6.16693377494812,226.94850778579712,False
CIFAR10,resnet18,uncertainty,3,uncertainty_3_50b,complete,73,3750,69.97999805450439,186,71.0799980354309,221.98566913604736,1.5195801258087158,6.10930061340332,229.6145498752594,False
CIFAR10,resnet18,uncertainty,3,uncertainty_3_50b,complete,74,3800,70.83999824523926,200,71.08999797821045,221.39683961868286,1.4991843700408936,6.100329160690308,228.99635314941406,False
CIFAR10,resnet18,uncertainty,3,uncertainty_3_50b,complete,75,3850,70.05999824523926,192,70.90999841690063,225.95530557632446,1.499803066253662,6.1241209506988525,233.57922959327698,False
CIFAR10,resnet18,uncertainty,3,uncertainty_3_50b,complete,76,3900,69.95999797821045,188,70.20999822616577,226.143541097641,1.511807918548584,6.159823656082153,233.81517267227173,False
CIFAR10,resnet18,uncertainty,3,uncertainty_3_50b,complete,77,3950,72.25999816894532,196,72.4299980545044,229.51259207725525,1.552570104598999,6.1042022705078125,237.16936445236206,False
CIFAR10,resnet18,uncertainty,3,uncertainty_3_50b,complete,78,4000,69.67999824523926,168,70.2299979019165,229.32459354400635,1.520237922668457,6.128015995025635,236.97284746170044,False
CIFAR10,resnet18,uncertainty,3,uncertainty_3_50b,complete,79,4050,73.4599981689453,180,72.90999835968017,235.25994682312012,1.4905059337615967,6.187052011489868,242.93750476837158,False
CIFAR10,resnet18,uncertainty,3,uncertainty_3_50b,complete,80,4100,72.21999820709229,192,72.28999816894532,235.423583984375,1.5152738094329834,6.177304029464722,243.1161618232727,False
CIFAR10,resnet18,uncertainty,3,uncertainty_3_50b,complete,81,4150,73.4599983215332,196,73.3399981880188,240.0002851486206,1.5031483173370361,6.208721160888672,247.7121546268463,False
CIFAR10,resnet18,uncertainty,3,uncertainty_3_50b,complete,82,4200,73.55999813079833,158,72.60999822616577,240.67034459114075,1.4899358749389648,6.200416326522827,248.36069679260254,False
CIFAR10,resnet18,uncertainty,3,uncertainty_3_50b,complete,83,4250,73.35999805450439,188,72.93999799728394,243.79097867012024,1.4608638286590576,6.1486005783081055,251.4004430770874,False
CIFAR10,resnet18,uncertainty,3,uncertainty_3_50b,complete,84,4300,73.39999797821045,186,73.61999808311462,243.7014081478119,1.4417357444763184,6.190754652023315,251.33389854431152,False
CIFAR10,resnet18,uncertainty,3,uncertainty_3_50b,complete,85,4350,73.35999813079835,196,73.18999816894531,248.22468423843384,1.801823616027832,6.375240325927734,256.4017481803894,False
CIFAR10,resnet18,uncertainty,3,uncertainty_3_50b,complete,86,4400,72.77999828338623,184,72.28999835968017,246.4252369403839,1.4678575992584229,6.030661582946777,253.9237561225891,False
CIFAR10,resnet18,uncertainty,3,uncertainty_3_50b,complete,87,4450,71.91999847412109,172,71.60999814987183,250.76652431488037,1.4955799579620361,6.100476503372192,258.3625807762146,False
CIFAR10,resnet18,uncertainty,3,uncertainty_3_50b,complete,88,4500,74.55999809265137,192,74.37999822616577,248.09558582305908,1.4733810424804688,6.498183488845825,256.0671503543854,False
CIFAR10,resnet18,uncertainty,3,uncertainty_3_50b,complete,89,4550,74.23999797821045,192,73.81999809265136,252.83181524276733,1.5129165649414062,6.0754241943359375,260.4201560020447,False
CIFAR10,resnet18,uncertainty,3,uncertainty_3_50b,complete,90,4600,73.39999839782715,196,73.38999820709229,253.80393385887146,1.6435809135437012,6.0268518924713135,261.4743666648865,False
CIFAR10,resnet18,uncertainty,3,uncertainty_3_50b,complete,91,4650,74.37999809265136,194,74.76999795913696,256.3449583053589,1.4924073219299316,6.082250356674194,263.919615983963,False
CIFAR10,resnet18,uncertainty,3,uncertainty_3_50b,complete,92,4700,73.8199980545044,182,73.61999814987183,255.30409455299377,1.488980770111084,6.087809801101685,262.88088512420654,False
CIFAR10,resnet18,uncertainty,3,uncertainty_3_50b,complete,93,4750,74.55999805450439,192,73.91999807357789,261.1842076778412,1.4658832550048828,5.991109848022461,268.64120078086853,False
CIFAR10,resnet18,uncertainty,3,uncertainty_3_50b,complete,94,4800,73.31999824523926,188,72.95999826431274,259.56620240211487,1.4950368404388428,5.9977545738220215,267.05899381637573,False
CIFAR10,resnet18,uncertainty,3,uncertainty_3_50b,complete,95,4850,74.57999813079834,196,73.82999794006348,263.0598146915436,1.4552836418151855,5.927502155303955,270.4426004886627,False
CIFAR10,resnet18,uncertainty,3,uncertainty_3_50b,complete,96,4900,73.57999824523925,196,72.45999834060669,263.65268898010254,1.4307124614715576,5.934859275817871,271.01826071739197,False
CIFAR10,resnet18,uncertainty,3,uncertainty_3_50b,complete,97,4950,75.93999774932861,186,75.9999980354309,266.3144567012787,1.4661774635314941,5.946086645126343,273.7267208099365,False
CIFAR10,resnet18,uncertainty,3,uncertainty_3_50b,complete,98,5000,75.13999835968018,180,75.43999839782715,267.2724940776825,1.4625046253204346,5.932475328445435,274.66747403144836,False
CIFAR10,resnet18,uncertainty,3,uncertainty_3_50b,complete,99,5050,74.47999828338624,174,74.43999818801879,267.7726719379425,1.598160743713379,5.915869951248169,275.28670263290405,False
CIFAR10,resnet18,uncertainty,3,uncertainty_3_50b,complete,100,5050,76.5399980545044,166,76.0599978351593,270.6712336540222,1.5071494579315186,0.0,272.17838311195374,False
CIFAR10,resnet18,uncertainty,4,uncertainty_4_50b,complete,0,100,23.699999542236327,54,23.01999984741211,76.9013614654541,1.9992296695709229,6.903954744338989,85.80454587936401,False
CIFAR10,resnet18,uncertainty,4,uncertainty_4_50b,complete,1,150,25.979999847412103,110,24.929999618530275,75.20044946670532,1.504026174545288,6.824340343475342,83.52881598472595,False
CIFAR10,resnet18,uncertainty,4,uncertainty_4_50b,complete,2,200,30.039998397827148,178,30.05999935150146,76.76199531555176,1.7991108894348145,6.832650899887085,85.39375710487366,False
CIFAR10,resnet18,uncertainty,4,uncertainty_4_50b,complete,3,250,31.599999313354488,174,30.20999893188477,79.24973607063293,1.4990134239196777,6.558225154876709,87.30697464942932,False
CIFAR10,resnet18,uncertainty,4,uncertainty_4_50b,complete,4,300,34.37999893188477,140,33.64999923706054,79.20291113853455,1.4898602962493896,6.634778738021851,87.32755017280579,False
CIFAR10,resnet18,uncertainty,4,uncertainty_4_50b,complete,5,350,34.95999862670898,126,34.799999122619624,83.54412746429443,1.5672471523284912,6.577344179153442,91.68871879577637,False
CIFAR10,resnet18,uncertainty,4,uncertainty_4_50b,complete,6,400,34.99999946594238,176,34.8499991607666,83.85179662704468,1.499222993850708,6.5658042430877686,91.91682386398315,False
CIFAR10,resnet18,uncertainty,4,uncertainty_4_50b,complete,7,450,35.91999893188476,106,35.98999893188477,87.7021849155426,1.4971110820770264,6.590123653411865,95.7894196510315,False
CIFAR10,resnet18,uncertainty,4,uncertainty_4_50b,complete,8,500,37.57999870300293,200,38.27999927520752,87.54663181304932,1.4912140369415283,6.517778396606445,95.55562424659729,False
CIFAR10,resnet18,uncertainty,4,uncertainty_4_50b,complete,9,550,37.519998931884764,190,38.499998588562015,90.89338421821594,1.5475060939788818,6.75305962562561,99.19394993782043,False
CIFAR10,resnet18,uncertainty,4,uncertainty_4_50b,complete,10,600,37.43999900817871,170,37.88999893188477,92.30662298202515,1.8056988716125488,6.698631048202515,100.81095290184021,False
CIFAR10,resnet18,uncertainty,4,uncertainty_4_50b,complete,11,650,40.05999885559082,160,39.86999881744385,95.21430826187134,1.4706709384918213,6.533886194229126,103.21886539459229,False
CIFAR10,resnet18,uncertainty,4,uncertainty_4_50b,complete,12,700,41.95999885559082,186,42.54999897003174,95.6617660522461,1.518566370010376,6.800482749938965,103.98081517219543,False
CIFAR10,resnet18,uncertainty,4,uncertainty_4_50b,complete,13,750,42.65999908447266,190,42.439998626708984,99.10682201385498,1.4210104942321777,6.726577520370483,107.25441002845764,False
CIFAR10,resnet18,uncertainty,4,uncertainty_4_50b,complete,14,800,43.13999855041504,158,42.409998741149906,100.58566737174988,1.788787603378296,6.790226459503174,109.16468143463135,False
CIFAR10,resnet18,uncertainty,4,uncertainty_4_50b,complete,15,850,45.55999839782715,176,45.40999870300293,103.03200006484985,1.4556984901428223,6.534011363983154,111.02170991897583,False
CIFAR10,resnet18,uncertainty,4,uncertainty_4_50b,complete,16,900,44.89999893188477,192,44.70999855041504,102.649667263031,1.4478294849395752,6.51360559463501,110.61110234260559,False
CIFAR10,resnet18,uncertainty,4,uncertainty_4_50b,complete,17,950,45.91999870300293,152,45.61999897003174,107.067715883255,1.4555747509002686,6.535051107406616,115.05834174156189,False
CIFAR10,resnet18,uncertainty,4,uncertainty_4_50b,complete,18,1000,46.79999908447266,152,46.13999870300293,106.36308979988098,1.5232930183410645,6.601107120513916,114.48748993873596,False
CIFAR10,resnet18,uncertainty,4,uncertainty_4_50b,complete,19,1050,46.63999893188477,196,46.26999904632569,112.0733859539032,1.4919140338897705,6.489424705505371,120.05472469329834,False
CIFAR10,resnet18,uncertainty,4,uncertainty_4_50b,complete,20,1100,47.13999900817871,154,47.28999904632568,110.92670130729675,1.5008788108825684,6.574914932250977,119.0024950504303,False
CIFAR10,resnet18,uncertainty,4,uncertainty_4_50b,complete,21,1150,47.5999991607666,198,47.949998931884764,115.13790512084961,1.4892361164093018,6.490379571914673,123.11752080917358,False
CIFAR10,resnet18,uncertainty,4,uncertainty_4_50b,complete,22,1200,49.79999870300293,172,49.909999237060546,115.67133355140686,1.489203691482544,6.515625715255737,123.67616295814514,False
CIFAR10,resnet18,uncertainty,4,uncertainty_4_50b,complete,23,1250,50.739999313354495,160,51.10999942779541,119.15054655075073,1.4913854598999023,6.526305437088013,127.16823744773865,False
CIFAR10,resnet18,uncertainty,4,uncertainty_4_50b,complete,24,1300,50.17999900817871,166,49.21999900817871,118.75251841545105,1.4973294734954834,6.475829839706421,126.72567772865295,False
CIFAR10,resnet18,uncertainty,4,uncertainty_4_50b,complete,25,1350,51.07999877929687,154,50.22999900817871,122.75477170944214,1.5613582134246826,6.437007904052734,130.75313782691956,False
CIFAR10,resnet18,uncertainty,4,uncertainty_4_50b,complete,26,1400,52.15999938964844,176,51.79999900817871,123.83367133140564,1.4909708499908447,6.411575555801392,131.73621773719788,False
CIFAR10,resnet18,uncertainty,4,uncertainty_4_50b,complete,27,1450,52.43999954223633,178,53.59999881744385,126.48875617980957,1.4568030834197998,6.361852169036865,134.30741143226624,False
CIFAR10,resnet18,uncertainty,4,uncertainty_4_50b,complete,28,1500,53.3399991607666,192,53.409999198913575,126.86964774131775,1.469085454940796,6.506032943725586,134.84476613998413,False
CIFAR10,resnet18,uncertainty,4,uncertainty_4_50b,complete,29,1550,53.379998931884764,178,53.48999893188476,129.7364649772644,1.464916467666626,6.558316707611084,137.75969815254211,False
CIFAR10,resnet18,uncertainty,4,uncertainty_4_50b,complete,30,1600,53.379998474121095,200,53.72999897003174,130.57709455490112,1.5762174129486084,6.566166877746582,138.7194788455963,False
CIFAR10,resnet18,uncertainty,4,uncertainty_4_50b,complete,31,1650,53.639998321533206,186,54.75999877929687,135.11917543411255,1.5202326774597168,6.496026039123535,143.1354341506958,False
CIFAR10,resnet18,uncertainty,4,uncertainty_4_50b,complete,32,1700,54.3599991607666,198,54.15999904632568,135.50459384918213,1.485231637954712,6.458446741104126,143.44827222824097,False
CIFAR10,resnet18,uncertainty,4,uncertainty_4_50b,complete,33,1750,54.679998626708986,196,54.679998512268064,137.31894612312317,1.4860141277313232,6.435217380523682,145.24017763137817,False
CIFAR10,resnet18,uncertainty,4,uncertainty_4_50b,complete,34,1800,55.87999870300293,172,55.15999889373779,138.02781891822815,1.4990007877349854,6.4778971672058105,146.00471687316895,False
CIFAR10,resnet18,uncertainty,4,uncertainty_4_50b,complete,35,1850,55.479998931884765,160,55.01999889373779,141.506041765213,1.5411734580993652,6.504098176956177,149.55131340026855,False
CIFAR10,resnet18,uncertainty,4,uncertainty_4_50b,complete,36,1900,57.379998779296876,144,57.14999876022339,142.836758852005,1.5951344966888428,6.356434106826782,150.78832745552063,False
CIFAR10,resnet18,uncertainty,4,uncertainty_4_50b,complete,37,1950,56.93999877929687,190,56.609998836517335,146.58513021469116,1.4826927185058594,6.3604536056518555,154.42827653884888,False
CIFAR10,resnet18,uncertainty,4,uncertainty_4_50b,complete,38,2000,60.339998931884764,172,58.899998626708985,146.99689149856567,1.4766972064971924,6.3683695793151855,154.84195828437805,False
CIFAR10,resnet18,uncertainty,4,uncertainty_4_50b,complete,39,2050,59.379999237060545,174,58.089998741149905,151.52391743659973,1.4888601303100586,6.594869375228882,159.60764694213867,False
CIFAR10,resnet18,uncertainty,4,uncertainty_4_50b,complete,40,2100,60.75999858856201,188,58.099998779296875,152.13164401054382,1.597235918045044,6.437920331954956,160.16680026054382,False
CIFAR10,resnet18,uncertainty,4,uncertainty_4_50b,complete,41,2150,59.89999847412109,178,58.32999881744385,155.84323382377625,1.479536533355713,6.39682674407959,163.71959710121155,False
CIFAR10,resnet18,uncertainty,4,uncertainty_4_50b,complete,42,2200,57.839998397827145,186,56.809998664855954,156.32715559005737,1.4642982482910156,6.391268014907837,164.18272185325623,False
CIFAR10,resnet18,uncertainty,4,uncertainty_4_50b,complete,43,2250,61.13999862670899,164,59.459998779296875,158.23842072486877,1.454397439956665,6.324862003326416,166.01768016815186,False
CIFAR10,resnet18,uncertainty,4,uncertainty_4_50b,complete,44,2300,61.29999855041504,196,59.789998607635496,160.38909006118774,1.6116175651550293,6.36807107925415,168.36877870559692,False
CIFAR10,resnet18,uncertainty,4,uncertainty_4_50b,complete,45,2350,61.75999877929687,186,60.06999897003174,162.7334589958191,1.4961061477661133,6.443782567977905,170.6733477115631,False
CIFAR10,resnet18,uncertainty,4,uncertainty_4_50b,complete,46,2400,63.53999824523926,192,62.24999841690064,163.9509584903717,1.5235328674316406,6.390947580337524,171.86543893814087,False
CIFAR10,resnet18,uncertainty,4,uncertainty_4_50b,complete,47,2450,63.45999839782715,170,61.61999855041504,166.6225299835205,1.4804456233978271,6.415464401245117,174.51844000816345,False
CIFAR10,resnet18,uncertainty,4,uncertainty_4_50b,complete,48,2500,62.3799991607666,184,60.22999864578247,167.4781563282013,1.4978439807891846,6.673838138580322,175.6498384475708,False
CIFAR10,resnet18,uncertainty,4,uncertainty_4_50b,complete,49,2550,64.77999839782714,184,63.489998455047605,174.0001163482666,1.7593836784362793,6.542028188705444,182.30152821540833,False
CIFAR10,resnet18,uncertainty,4,uncertainty_4_50b,complete,50,2600,66.61999801635741,192,65.28999822616578,171.99254727363586,1.464632511138916,6.3235485553741455,179.78072834014893,False
CIFAR10,resnet18,uncertainty,4,uncertainty_4_50b,complete,51,2650,64.37999862670898,168,62.749998588562015,174.84322905540466,1.5093073844909668,6.287485122680664,182.6400215625763,False
CIFAR10,resnet18,uncertainty,4,uncertainty_4_50b,complete,52,2700,63.23999835968018,172,61.169998722076414,174.7139916419983,1.4908812046051025,6.240829944610596,182.445702791214,False
CIFAR10,resnet18,uncertainty,4,uncertainty_4_50b,complete,53,2750,64.87999813079834,178,63.11999872207642,178.95906138420105,1.5845615863800049,6.2883522510528564,186.8319752216339,False
CIFAR10,resnet18,uncertainty,4,uncertainty_4_50b,complete,54,2800,66.71999835968018,196,65.43999851226806,179.7577862739563,1.4912285804748535,6.2689924240112305,187.51800727844238,False
CIFAR10,resnet18,uncertainty,4,uncertainty_4_50b,complete,55,2850,64.59999843597413,200,63.03999841690064,183.07419896125793,1.5198431015014648,6.254895448684692,190.8489375114441,False
CIFAR10,resnet18,uncertainty,4,uncertainty_4_50b,complete,56,2900,66.59999820709228,190,64.79999822616577,184.65945863723755,1.527956247329712,6.326693773269653,192.5141086578369,False
CIFAR10,resnet18,uncertainty,4,uncertainty_4_50b,complete,57,2950,63.179998512268064,184,62.2199987411499,186.89116740226746,1.5198209285736084,6.601751089096069,195.01273941993713,False
CIFAR10,resnet18,uncertainty,4,uncertainty_4_50b,complete,58,3000,67.21999786376952,198,65.61999816894532,188.2178659439087,1.4754221439361572,6.237199544906616,195.93048763275146,False
CIFAR10,resnet18,uncertainty,4,uncertainty_4_50b,complete,59,3050,65.95999809265138,184,64.31999851226806,190.1801085472107,1.5061428546905518,6.224871635437012,197.91112303733826,False
CIFAR10,resnet18,uncertainty,4,uncertainty_4_50b,complete,60,3100,66.61999771118164,192,65.26999849319458,191.01825737953186,1.543750286102295,6.236550331115723,198.79855799674988,False
CIFAR10,resnet18,uncertainty,4,uncertainty_4_50b,complete,61,3150,66.33999851226807,180,65.53999834060669,193.8080973625183,1.4872336387634277,6.2133660316467285,201.50869703292847,False
CIFAR10,resnet18,uncertainty,4,uncertainty_4_50b,complete,62,3200,66.13999851226806,186,65.40999801635742,194.0910062789917,1.4853487014770508,6.258918523788452,201.8352735042572,False
CIFAR10,resnet18,uncertainty,4,uncertainty_4_50b,complete,63,3250,68.73999797821045,144,67.57999786376953,197.74171924591064,1.602888822555542,6.289305210113525,205.6339132785797,False
CIFAR10,resnet18,uncertainty,4,uncertainty_4_50b,complete,64,3300,67.09999801635743,196,65.5199983215332,196.72940182685852,1.5359740257263184,6.260632753372192,204.52600860595703,False
CIFAR10,resnet18,uncertainty,4,uncertainty_4_50b,complete,65,3350,70.81999809265136,182,69.41999794006348,202.22023797035217,1.4888508319854736,6.269917011260986,209.97900581359863,False
CIFAR10,resnet18,uncertainty,4,uncertainty_4_50b,complete,66,3400,68.03999813079834,198,67.70999834060669,201.16995120048523,1.500997543334961,6.289099931716919,208.9600486755371,False
CIFAR10,resnet18,uncertainty,4,uncertainty_4_50b,complete,67,3450,69.75999809265137,176,68.26999832153321,205.596177816391,1.4911372661590576,6.265471458435059,213.3527865409851,False
CIFAR10,resnet18,uncertainty,4,uncertainty_4_50b,complete,68,3500,69.19999778747558,172,68.50999830245972,205.5479235649109,1.488022804260254,6.209628105163574,213.24557447433472,False
CIFAR10,resnet18,uncertainty,4,uncertainty_4_50b,complete,69,3550,70.41999851226807,198,68.86999830245972,207.4287087917328,1.492762804031372,6.448654413223267,215.37012600898743,False
CIFAR10,resnet18,uncertainty,4,uncertainty_4_50b,complete,70,3600,70.05999824523926,196,69.16999835968018,209.03300189971924,1.4541211128234863,6.340840816497803,216.82796382904053,False
CIFAR10,resnet18,uncertainty,4,uncertainty_4_50b,complete,71,3650,69.21999809265137,182,68.3499983215332,209.91188502311707,1.4893498420715332,6.080096006393433,217.48133087158203,False
CIFAR10,resnet18,uncertainty,4,uncertainty_4_50b,complete,72,3700,72.53999835968017,192,71.27999824523926,208.65022444725037,1.5238940715789795,6.30534815788269,216.47946667671204,False
CIFAR10,resnet18,uncertainty,4,uncertainty_4_50b,complete,73,3750,71.0399980545044,196,69.86999828338622,214.9911139011383,1.5820553302764893,6.29833984375,222.8715090751648,False
CIFAR10,resnet18,uncertainty,4,uncertainty_4_50b,complete,74,3800,71.55999801635743,196,70.73999813079834,215.12839531898499,1.4643487930297852,6.129650354385376,222.72239446640015,False
CIFAR10,resnet18,uncertainty,4,uncertainty_4_50b,complete,75,3850,72.41999805450439,200,70.69999816894531,218.02982902526855,1.5156946182250977,6.1299662590026855,225.67548990249634,False
CIFAR10,resnet18,uncertainty,4,uncertainty_4_50b,complete,76,3900,70.81999870300294,180,70.43999834060669,216.0860698223114,1.4781074523925781,6.095114231109619,223.6592915058136,False
CIFAR10,resnet18,uncertainty,4,uncertainty_4_50b,complete,77,3950,71.09999839782715,138,70.40999828338623,221.40137267112732,1.5342533588409424,6.049805402755737,228.985431432724,False
CIFAR10,resnet18,uncertainty,4,uncertainty_4_50b,complete,78,4000,74.01999801635742,172,73.19999828338624,221.37878131866455,1.5181772708892822,6.154386281967163,229.051344871521,False
CIFAR10,resnet18,uncertainty,4,uncertainty_4_50b,complete,79,4050,73.47999851226807,194,72.49999807357788,227.44735288619995,1.6037309169769287,6.046396017074585,235.09747982025146,False
CIFAR10,resnet18,uncertainty,4,uncertainty_4_50b,complete,80,4100,71.13999843597412,198,70.55999805450439,225.3190474510193,1.62166166305542,6.20385217666626,233.14456129074097,False
CIFAR10,resnet18,uncertainty,4,uncertainty_4_50b,complete,81,4150,72.63999744415284,178,71.11999809265137,229.21804761886597,1.4474096298217773,6.045889377593994,236.71134662628174,False
CIFAR10,resnet18,uncertainty,4,uncertainty_4_50b,complete,82,4200,71.73999839782715,188,70.49999795913696,229.70744848251343,1.761570692062378,6.23431134223938,237.70333051681519,False
CIFAR10,resnet18,uncertainty,4,uncertainty_4_50b,complete,83,4250,73.77999786376952,172,73.80999834060668,233.63733386993408,1.4615232944488525,6.04741644859314,241.14627361297607,False
CIFAR10,resnet18,uncertainty,4,uncertainty_4_50b,complete,84,4300,75.17999828338623,192,74.80999821662903,234.2538194656372,1.4838807582855225,6.079335689544678,241.8170359134674,False
CIFAR10,resnet18,uncertainty,4,uncertainty_4_50b,complete,85,4350,73.81999813079834,194,72.24999837875366,237.54401922225952,1.4686987400054932,6.041965007781982,245.054682970047,False
CIFAR10,resnet18,uncertainty,4,uncertainty_4_50b,complete,86,4400,75.21999816894531,196,74.54999820709229,237.57557725906372,1.463804006576538,6.055246353149414,245.09462761878967,False
CIFAR10,resnet18,uncertainty,4,uncertainty_4_50b,complete,87,4450,76.39999820709228,198,75.16999828338624,241.9660587310791,1.4844739437103271,6.010393857955933,249.46092653274536,False
CIFAR10,resnet18,uncertainty,4,uncertainty_4_50b,complete,88,4500,75.31999809265136,174,74.11999797821045,242.32315230369568,1.474473237991333,6.056727409362793,249.8543529510498,False
CIFAR10,resnet18,uncertainty,4,uncertainty_4_50b,complete,89,4550,75.05999839782714,158,74.11999846458436,244.4622299671173,1.587541103363037,5.9618000984191895,252.01157116889954,False
CIFAR10,resnet18,uncertainty,4,uncertainty_4_50b,complete,90,4600,74.97999813079834,190,74.57999814987183,245.6153028011322,1.463515043258667,6.0829010009765625,253.16171884536743,False
CIFAR10,resnet18,uncertainty,4,uncertainty_4_50b,complete,91,4650,73.27999801635742,190,72.7099983215332,248.64647722244263,1.4850573539733887,6.101661682128906,256.2331962585449,False
CIFAR10,resnet18,uncertainty,4,uncertainty_4_50b,complete,92,4700,75.19999809265137,176,74.92999799728393,250.7188949584961,1.493241310119629,6.011839151382446,258.22397541999817,False
CIFAR10,resnet18,uncertainty,4,uncertainty_4_50b,complete,93,4750,75.11999813079834,190,74.32999813079834,252.84369778633118,1.4945621490478516,6.110159635543823,260.44841957092285,False
CIFAR10,resnet18,uncertainty,4,uncertainty_4_50b,complete,94,4800,74.15999816894531,194,73.3699983215332,256.4524562358856,1.4680061340332031,6.501395225524902,264.4218575954437,False
CIFAR10,resnet18,uncertainty,4,uncertainty_4_50b,complete,95,4850,76.11999816894532,174,75.15999793052673,259.4470520019531,1.5942530632019043,5.911754131317139,266.95305919647217,False
CIFAR10,resnet18,uncertainty,4,uncertainty_4_50b,complete,96,4900,75.51999788284301,194,74.6799980545044,260.343145608902,1.4456520080566406,5.977442979812622,267.76624059677124,False
CIFAR10,resnet18,uncertainty,4,uncertainty_4_50b,complete,97,4950,75.39999797821045,158,74.6299980354309,264.0126986503601,1.4706659317016602,6.058396100997925,271.5417606830597,False
CIFAR10,resnet18,uncertainty,4,uncertainty_4_50b,complete,98,5000,74.53999794006347,188,73.49999820709229,263.67864751815796,1.4773528575897217,6.042123079299927,271.1981234550476,False
CIFAR10,resnet18,uncertainty,4,uncertainty_4_50b,complete,99,5050,77.41999795913696,196,76.93999808311463,265.9199903011322,1.4608545303344727,6.004055738449097,273.38490056991577,False
CIFAR10,resnet18,uncertainty,4,uncertainty_4_50b,complete,100,5050,75.21999816894531,200,74.60999801635742,267.68920493125916,1.4341731071472168,0.0,269.1233780384064,False
CIFAR10,resnet18,uncertainty,5,uncertainty_5_50b,complete,0,100,24.259999847412104,74,24.179999771118162,75.64696907997131,2.017059803009033,6.9409661293029785,84.60499501228333,False
CIFAR10,resnet18,uncertainty,5,uncertainty_5_50b,complete,1,150,25.67999954223633,70,24.579999771118167,74.46508884429932,1.4895942211151123,6.7901036739349365,82.74478673934937,False
CIFAR10,resnet18,uncertainty,5,uncertainty_5_50b,complete,2,200,28.859999389648436,174,28.999999351501458,76.10050749778748,1.7604565620422363,6.817584753036499,84.67854881286621,False
CIFAR10,resnet18,uncertainty,5,uncertainty_5_50b,complete,3,250,34.699999313354496,86,34.16999885559082,79.10973453521729,1.4857332706451416,6.549846172332764,87.14531397819519,False
CIFAR10,resnet18,uncertainty,5,uncertainty_5_50b,complete,4,300,34.699999313354496,126,34.699999046325686,78.92853903770447,1.5036804676055908,6.559312105178833,86.99153161048889,False
CIFAR10,resnet18,uncertainty,5,uncertainty_5_50b,complete,5,350,35.71999931335449,172,35.74999923706055,82.5182957649231,1.5966589450836182,6.531776666641235,90.64673137664795,False
CIFAR10,resnet18,uncertainty,5,uncertainty_5_50b,complete,6,400,38.399999160766605,184,37.369998893737794,82.33164167404175,1.4793510437011719,6.498340845108032,90.30933356285095,False
CIFAR10,resnet18,uncertainty,5,uncertainty_5_50b,complete,7,450,37.17999885559082,178,37.04999923706055,86.25550818443298,1.4838805198669434,6.47763729095459,94.21702599525452,False
CIFAR10,resnet18,uncertainty,5,uncertainty_5_50b,complete,8,500,40.91999900817871,190,40.439998626708984,86.07172155380249,1.5039973258972168,6.657138347625732,94.23285722732544,False
CIFAR10,resnet18,uncertainty,5,uncertainty_5_50b,complete,9,550,43.65999855041504,174,42.31999897003174,91.74947094917297,1.775944471359253,6.671896457672119,100.19731187820435,False
CIFAR10,resnet18,uncertainty,5,uncertainty_5_50b,complete,10,600,42.999998550415036,174,42.349998474121094,90.02279877662659,1.4495246410369873,6.521668195724487,97.99399161338806,False
CIFAR10,resnet18,uncertainty,5,uncertainty_5_50b,complete,11,650,45.11999900817871,174,44.779998779296875,94.24394297599792,1.4953913688659668,6.455580234527588,102.19491457939148,False
CIFAR10,resnet18,uncertainty,5,uncertainty_5_50b,complete,12,700,44.25999923706055,200,43.59999889373779,94.69117259979248,1.7572858333587646,6.659430027008057,103.1078884601593,False
CIFAR10,resnet18,uncertainty,5,uncertainty_5_50b,complete,13,750,44.71999870300293,200,44.89999897003174,97.47674298286438,1.431645154953003,6.45542573928833,105.36381387710571,False
CIFAR10,resnet18,uncertainty,5,uncertainty_5_50b,complete,14,800,43.43999855041504,162,42.85999870300293,97.45683312416077,1.4628705978393555,6.767499208450317,105.68720293045044,False
CIFAR10,resnet18,uncertainty,5,uncertainty_5_50b,complete,15,850,45.93999900817871,154,45.91999897003174,101.97702693939209,1.5771756172180176,6.432148456573486,109.9863510131836,False
CIFAR10,resnet18,uncertainty,5,uncertainty_5_50b,complete,16,900,47.45999900817871,178,46.789998893737796,101.32268595695496,1.4394705295562744,6.487250328063965,109.2494068145752,False
CIFAR10,resnet18,uncertainty,5,uncertainty_5_50b,complete,17,950,46.67999885559082,166,46.57999897003174,105.7755708694458,1.4922893047332764,6.436779737472534,113.70463991165161,False
CIFAR10,resnet18,uncertainty,5,uncertainty_5_50b,complete,18,1000,48.05999946594238,170,46.2299987411499,105.33998584747314,1.4410674571990967,6.501396179199219,113.28244948387146,False
CIFAR10,resnet18,uncertainty,5,uncertainty_5_50b,complete,19,1050,49.49999885559082,168,48.379998970031735,108.95402002334595,1.4855988025665283,6.343628168106079,116.78324699401855,False
CIFAR10,resnet18,uncertainty,5,uncertainty_5_50b,complete,20,1100,52.97999877929688,198,52.08999877929688,109.44549465179443,1.4695615768432617,6.479641914367676,117.39469814300537,False
CIFAR10,resnet18,uncertainty,5,uncertainty_5_50b,complete,21,1150,50.75999908447265,138,50.24999919891357,113.75592017173767,1.7960014343261719,6.637872695922852,122.1897943019867,False
CIFAR10,resnet18,uncertainty,5,uncertainty_5_50b,complete,22,1200,52.879999008178714,164,51.85999900817871,113.91338729858398,1.9461491107940674,6.5723230838775635,122.43185949325562,False
CIFAR10,resnet18,uncertainty,5,uncertainty_5_50b,complete,23,1250,50.83999938964844,196,49.94999954223633,116.93801307678223,1.4716830253601074,6.491894006729126,124.90159010887146,False
CIFAR10,resnet18,uncertainty,5,uncertainty_5_50b,complete,24,1300,52.95999893188477,192,52.149998817443844,117.56944465637207,1.4603965282440186,6.480380535125732,125.51022171974182,False
CIFAR10,resnet18,uncertainty,5,uncertainty_5_50b,complete,25,1350,53.93999900817871,148,53.85999931335449,121.4155900478363,1.6307945251464844,6.419832706451416,129.4662172794342,False
CIFAR10,resnet18,uncertainty,5,uncertainty_5_50b,complete,26,1400,55.09999870300293,170,54.73999908447266,121.57677221298218,1.4831688404083252,6.474803924560547,129.53474497795105,False
CIFAR10,resnet18,uncertainty,5,uncertainty_5_50b,complete,27,1450,55.039999084472655,160,54.40999877929688,124.88626837730408,1.4927537441253662,6.340527534484863,132.7195496559143,False
CIFAR10,resnet18,uncertainty,5,uncertainty_5_50b,complete,28,1500,55.73999885559082,146,54.91999870300293,125.7132978439331,1.4706032276153564,6.381029844284058,133.56493091583252,False
CIFAR10,resnet18,uncertainty,5,uncertainty_5_50b,complete,29,1550,56.13999870300293,148,54.889998779296874,128.6993260383606,1.5049490928649902,6.3650829792022705,136.56935811042786,False
CIFAR10,resnet18,uncertainty,5,uncertainty_5_50b,complete,30,1600,54.81999816894531,164,53.74999893188477,130.63718152046204,1.7878434658050537,7.032807350158691,139.45783233642578,False
CIFAR10,resnet18,uncertainty,5,uncertainty_5_50b,complete,31,1650,55.679998779296874,194,54.56999893188477,133.5817050933838,1.4456329345703125,6.4689781665802,141.4963161945343,False
CIFAR10,resnet18,uncertainty,5,uncertainty_5_50b,complete,32,1700,55.539998817443845,158,55.39999897003174,133.71619606018066,1.4656774997711182,6.374304533004761,141.55617809295654,False
CIFAR10,resnet18,uncertainty,5,uncertainty_5_50b,complete,33,1750,55.49999931335449,176,54.58999900817871,137.14392948150635,1.4646039009094238,6.39212965965271,145.00066304206848,False
CIFAR10,resnet18,uncertainty,5,uncertainty_5_50b,complete,34,1800,57.77999893188476,184,56.65999885559082,135.67308640480042,1.4806461334228516,6.334982872009277,143.48871541023254,False
CIFAR10,resnet18,uncertainty,5,uncertainty_5_50b,complete,35,1850,58.359998893737796,182,57.6799986076355,139.51248574256897,1.4718284606933594,6.346142530441284,147.3304567337036,False
CIFAR10,resnet18,uncertainty,5,uncertainty_5_50b,complete,36,1900,58.55999885559082,178,57.469998893737795,139.61527299880981,1.5402393341064453,6.314773797988892,147.47028613090515,False
CIFAR10,resnet18,uncertainty,5,uncertainty_5_50b,complete,37,1950,59.539998626708986,200,58.56999864578247,143.50618171691895,1.40875244140625,6.240492582321167,151.15542674064636,False
CIFAR10,resnet18,uncertainty,5,uncertainty_5_50b,complete,38,2000,60.699999046325686,196,59.8999987411499,144.44789052009583,1.6268243789672852,6.350784540176392,152.4254994392395,False
CIFAR10,resnet18,uncertainty,5,uncertainty_5_50b,complete,39,2050,59.83999855041504,200,58.84999855041504,147.4424684047699,1.4388937950134277,6.280840873718262,155.1622030735016,False
CIFAR10,resnet18,uncertainty,5,uncertainty_5_50b,complete,40,2100,61.759998626708985,194,60.29999822616577,147.4259991645813,1.4010419845581055,6.303353309631348,155.13039445877075,False
CIFAR10,resnet18,uncertainty,5,uncertainty_5_50b,complete,41,2150,61.41999855041504,198,60.86999855041504,151.18092966079712,1.5091805458068848,6.309713840484619,158.99982404708862,False
CIFAR10,resnet18,uncertainty,5,uncertainty_5_50b,complete,42,2200,64.19999847412109,198,63.11999876022339,152.15309929847717,1.44730806350708,6.260425567626953,159.8608329296112,False
CIFAR10,resnet18,uncertainty,5,uncertainty_5_50b,complete,43,2250,62.95999847412109,166,61.40999830245972,156.9741563796997,1.5522243976593018,6.341476202011108,164.86785697937012,False
CIFAR10,resnet18,uncertainty,5,uncertainty_5_50b,complete,44,2300,61.17999828338623,200,60.35999849319458,155.6661651134491,1.4954421520233154,6.335925102233887,163.4975323677063,False
CIFAR10,resnet18,uncertainty,5,uncertainty_5_50b,complete,45,2350,62.05999858856201,176,61.37999856948853,160.41457438468933,1.5550293922424316,6.322261333465576,168.29186511039734,False
CIFAR10,resnet18,uncertainty,5,uncertainty_5_50b,complete,46,2400,64.11999835968018,190,63.00999845504761,159.07205486297607,1.564466953277588,6.33476448059082,166.97128629684448,False
CIFAR10,resnet18,uncertainty,5,uncertainty_5_50b,complete,47,2450,64.3999988937378,190,63.49999837875366,164.092458486557,1.5020663738250732,6.163330554962158,171.75785541534424,False
CIFAR10,resnet18,uncertainty,5,uncertainty_5_50b,complete,48,2500,64.25999881744386,196,63.3099983215332,162.56258130073547,1.445904016494751,6.1945765018463135,170.20306181907654,False
CIFAR10,resnet18,uncertainty,5,uncertainty_5_50b,complete,49,2550,64.29999828338623,192,63.47999853134155,164.68624567985535,1.5217249393463135,6.171975374221802,172.37994599342346,False
CIFAR10,resnet18,uncertainty,5,uncertainty_5_50b,complete,50,2600,62.599998016357425,184,61.71999864578247,163.21121668815613,1.4978229999542236,6.194749593734741,170.9037892818451,False
CIFAR10,resnet18,uncertainty,5,uncertainty_5_50b,complete,51,2650,67.01999870300293,170,66.22999816894531,167.32475399971008,1.450897216796875,6.176859140396118,174.95251035690308,False
CIFAR10,resnet18,uncertainty,5,uncertainty_5_50b,complete,52,2700,66.05999813079833,186,64.59999828338623,167.25602507591248,1.4792914390563965,6.133356332778931,174.8686728477478,False
CIFAR10,resnet18,uncertainty,5,uncertainty_5_50b,complete,53,2750,64.1599984741211,158,64.01999843597412,171.8278410434723,1.4260272979736328,6.1217827796936035,179.37565112113953,False
CIFAR10,resnet18,uncertainty,5,uncertainty_5_50b,complete,54,2800,62.0999987411499,188,61.8399986076355,171.22596764564514,1.4534482955932617,6.143376111984253,178.82279205322266,False
CIFAR10,resnet18,uncertainty,5,uncertainty_5_50b,complete,55,2850,63.13999843597412,196,63.09999786376953,173.9219617843628,1.5872406959533691,6.125921249389648,181.6351237297058,False
CIFAR10,resnet18,uncertainty,5,uncertainty_5_50b,complete,56,2900,68.27999801635742,142,66.96999837875367,174.51142263412476,1.456207036972046,6.15346884727478,182.12109851837158,False
CIFAR10,resnet18,uncertainty,5,uncertainty_5_50b,complete,57,2950,67.69999835968017,196,66.19999803543091,178.27572560310364,1.4421639442443848,6.026581525802612,185.74447107315063,False
CIFAR10,resnet18,uncertainty,5,uncertainty_5_50b,complete,58,3000,69.07999851226806,176,68.44999797821045,176.74028420448303,1.4467897415161133,6.0883073806762695,184.27538132667542,False
CIFAR10,resnet18,uncertainty,5,uncertainty_5_50b,complete,59,3050,67.41999809265137,188,66.40999835968017,180.7258870601654,1.458728551864624,6.214524269104004,188.39913988113403,False
CIFAR10,resnet18,uncertainty,5,uncertainty_5_50b,complete,60,3100,67.29999820709229,184,66.49999809265137,180.78010201454163,1.5097699165344238,6.162105321884155,188.4519772529602,False
CIFAR10,resnet18,uncertainty,5,uncertainty_5_50b,complete,61,3150,68.9399984741211,190,67.23999839782715,185.86507272720337,1.4376816749572754,6.21903657913208,193.52179098129272,False
CIFAR10,resnet18,uncertainty,5,uncertainty_5_50b,complete,62,3200,66.51999809265138,150,65.96999853134156,185.1799247264862,1.4174442291259766,6.064645528793335,192.66201448440552,False
CIFAR10,resnet18,uncertainty,5,uncertainty_5_50b,complete,63,3250,69.13999813079835,198,68.5999981880188,188.39107084274292,1.4752953052520752,6.054962873458862,195.92132902145386,False
CIFAR10,resnet18,uncertainty,5,uncertainty_5_50b,complete,64,3300,69.6399983215332,196,69.23999835968017,188.63579082489014,1.4507715702056885,6.2608256340026855,196.3473880290985,False
CIFAR10,resnet18,uncertainty,5,uncertainty_5_50b,complete,65,3350,69.51999832153321,174,69.47999811172485,193.36858797073364,1.4613227844238281,6.044711112976074,200.87462186813354,False
CIFAR10,resnet18,uncertainty,5,uncertainty_5_50b,complete,66,3400,67.1199984741211,178,67.35999847412108,194.61908292770386,1.5468792915344238,6.277241468429565,202.44320368766785,False
CIFAR10,resnet18,uncertainty,5,uncertainty_5_50b,complete,67,3450,69.8199983215332,186,68.89999837875366,197.49885511398315,1.458848476409912,6.07525897026062,205.0329625606537,False
CIFAR10,resnet18,uncertainty,5,uncertainty_5_50b,complete,68,3500,71.51999813079834,186,70.5699981880188,197.94627332687378,1.424614667892456,6.037788391113281,205.40867638587952,False
CIFAR10,resnet18,uncertainty,5,uncertainty_5_50b,complete,69,3550,69.69999786376954,196,69.07999820709229,199.95957851409912,1.445122480392456,5.974823474884033,207.3795244693756,False
CIFAR10,resnet18,uncertainty,5,uncertainty_5_50b,complete,70,3600,69.55999851226807,160,68.69999797821045,201.00535559654236,1.4900047779083252,6.061059236526489,208.55641961097717,False
CIFAR10,resnet18,uncertainty,5,uncertainty_5_50b,complete,71,3650,68.69999813079833,194,68.54999809265136,204.74895977973938,1.4350569248199463,6.004777193069458,212.18879389762878,False
CIFAR10,resnet18,uncertainty,5,uncertainty_5_50b,complete,72,3700,69.99999855041504,198,69.22999820709228,204.04027891159058,1.4250333309173584,5.985804080963135,211.45111632347107,False
CIFAR10,resnet18,uncertainty,5,uncertainty_5_50b,complete,73,3750,71.49999816894531,194,71.66999811172485,208.65729212760925,1.414137363433838,6.09902024269104,216.17044973373413,False
CIFAR10,resnet18,uncertainty,5,uncertainty_5_50b,complete,74,3800,70.51999809265136,182,70.36999801635741,207.58452486991882,1.4262564182281494,6.0483503341674805,215.05913162231445,False
CIFAR10,resnet18,uncertainty,5,uncertainty_5_50b,complete,75,3850,70.5799983215332,196,70.88999851226806,213.78456568717957,1.4472150802612305,6.023037433624268,221.25481820106506,False
CIFAR10,resnet18,uncertainty,5,uncertainty_5_50b,complete,76,3900,70.95999824523926,186,69.76999832153321,211.08634495735168,1.5310311317443848,6.0647008419036865,218.68207693099976,False
CIFAR10,resnet18,uncertainty,5,uncertainty_5_50b,complete,77,3950,73.91999835968018,170,73.45999794960022,215.96606278419495,1.5440752506256104,6.065009593963623,223.57514762878418,False
CIFAR10,resnet18,uncertainty,5,uncertainty_5_50b,complete,78,4000,73.59999820709228,166,73.64999826431274,215.98569798469543,1.5240464210510254,5.979203224182129,223.4889476299286,False
CIFAR10,resnet18,uncertainty,5,uncertainty_5_50b,complete,79,4050,71.57999824523925,186,71.28999795913697,218.44824290275574,1.462900161743164,6.059711933135986,225.9708549976349,False
CIFAR10,resnet18,uncertainty,5,uncertainty_5_50b,complete,80,4100,71.85999794006348,172,71.67999811172486,219.17856001853943,1.4389979839324951,6.007225751876831,226.62478375434875,False
CIFAR10,resnet18,uncertainty,5,uncertainty_5_50b,complete,81,4150,73.1799980545044,178,73.25999811172485,222.87298727035522,1.6180462837219238,5.931652069091797,230.42268562316895,False
CIFAR10,resnet18,uncertainty,5,uncertainty_5_50b,complete,82,4200,73.45999820709228,178,73.20999814987182,222.6573715209961,1.553084135055542,6.053066730499268,230.2635223865509,False
CIFAR10,resnet18,uncertainty,5,uncertainty_5_50b,complete,83,4250,73.51999809265136,184,72.78999801635743,227.64629197120667,1.4670939445495605,6.006733655929565,235.1201195716858,False
CIFAR10,resnet18,uncertainty,5,uncertainty_5_50b,complete,84,4300,72.85999820709229,164,72.95999814987182,227.83592438697815,1.459373950958252,6.085735321044922,235.38103365898132,False
CIFAR10,resnet18,uncertainty,5,uncertainty_5_50b,complete,85,4350,73.33999855041503,200,73.40999809265136,228.22665071487427,1.449558973312378,6.027011156082153,235.7032208442688,False
CIFAR10,resnet18,uncertainty,5,uncertainty_5_50b,complete,86,4400,74.13999835968018,166,73.93999817848206,230.92854166030884,1.4575366973876953,6.054398775100708,238.44047713279724,False
CIFAR10,resnet18,uncertainty,5,uncertainty_5_50b,complete,87,4450,75.85999807357788,192,75.21999784469605,235.4047293663025,1.4363374710083008,6.016536712646484,242.85760354995728,False
CIFAR10,resnet18,uncertainty,5,uncertainty_5_50b,complete,88,4500,74.8399982070923,190,74.83999792098999,234.83063530921936,1.40922212600708,5.791952133178711,242.03180956840515,False
CIFAR10,resnet18,uncertainty,5,uncertainty_5_50b,complete,89,4550,75.99999801635742,172,75.41999810218812,239.9473443031311,1.4545884132385254,5.932301998138428,247.33423471450806,False
CIFAR10,resnet18,uncertainty,5,uncertainty_5_50b,complete,90,4600,74.61999801635741,178,74.57999822616577,239.6670687198639,1.4646258354187012,5.994205713272095,247.1259002685547,False
CIFAR10,resnet18,uncertainty,5,uncertainty_5_50b,complete,91,4650,75.71999818801879,194,75.72999807357789,242.01209568977356,1.6158344745635986,6.096876859664917,249.72480702400208,False
CIFAR10,resnet18,uncertainty,5,uncertainty_5_50b,complete,92,4700,75.13999835968018,182,74.34999784469605,242.27805614471436,1.4577438831329346,5.990569353103638,249.72636938095093,False
CIFAR10,resnet18,uncertainty,5,uncertainty_5_50b,complete,93,4750,75.9599983215332,188,75.10999806404114,245.38706851005554,1.4328808784484863,5.821933269500732,252.64188265800476,False
CIFAR10,resnet18,uncertainty,5,uncertainty_5_50b,complete,94,4800,76.01999830245971,200,75.62999814987182,248.70612502098083,1.6426210403442383,6.019672155380249,256.3684182167053,False
CIFAR10,resnet18,uncertainty,5,uncertainty_5_50b,complete,95,4850,77.29999820709229,198,75.78999794960022,251.8057723045349,1.4859066009521484,5.858152151107788,259.14983105659485,False
CIFAR10,resnet18,uncertainty,5,uncertainty_5_50b,complete,96,4900,77.59999801635742,160,76.60999821662902,252.47929644584656,1.5568122863769531,6.1220479011535645,260.1581566333771,False
CIFAR10,resnet18,uncertainty,5,uncertainty_5_50b,complete,97,4950,77.01999828338623,176,76.5199978351593,253.0964012145996,1.4702885150909424,5.83155632019043,260.398246049881,False
CIFAR10,resnet18,uncertainty,5,uncertainty_5_50b,complete,98,5000,75.87999835968017,194,75.04999808311462,253.55099868774414,1.44954514503479,5.810028553009033,260.81057238578796,False
CIFAR10,resnet18,uncertainty,5,uncertainty_5_50b,complete,99,5050,74.8599979019165,186,74.97999823570251,256.4472167491913,1.4427225589752197,5.805442571640015,263.6953818798065,False
CIFAR10,resnet18,uncertainty,5,uncertainty_5_50b,complete,100,5050,75.11999824523926,166,74.87999809265136,257.91943764686584,1.4339144229888916,0.0,259.35335206985474,False
