kind	dataset	backbone	seed	delta_coarse	delta_fine	alpha	batch_budget	experiment	sbatch
main	cifar10	alexnet	1	0.70	0.50	0.70	50	MSTC_C070_F050_A070_1_50b	main_c10_alex_c070_f050_s1_b050.sbatch
main	cifar10	alexnet	2	0.70	0.50	0.70	50	MSTC_C070_F050_A070_2_50b	main_c10_alex_c070_f050_s2_b050.sbatch
main	cifar10	alexnet	3	0.70	0.50	0.70	50	MSTC_C070_F050_A070_3_50b	main_c10_alex_c070_f050_s3_b050.sbatch
main	cifar10	alexnet	4	0.70	0.50	0.70	50	MSTC_C070_F050_A070_4_50b	main_c10_alex_c070_f050_s4_b050.sbatch
main	cifar10	alexnet	5	0.70	0.50	0.70	50	MSTC_C070_F050_A070_5_50b	main_c10_alex_c070_f050_s5_b050.sbatch
main	cifar10	resnet18	1	0.70	0.50	0.70	50	MSTC_C070_F050_A070_1_50b	main_c10_r18_c070_f050_s1_b050.sbatch
main	cifar10	resnet18	2	0.70	0.50	0.70	50	MSTC_C070_F050_A070_2_50b	main_c10_r18_c070_f050_s2_b050.sbatch
main	cifar10	resnet18	3	0.70	0.50	0.70	50	MSTC_C070_F050_A070_3_50b	main_c10_r18_c070_f050_s3_b050.sbatch
main	cifar10	resnet18	4	0.70	0.50	0.70	50	MSTC_C070_F050_A070_4_50b	main_c10_r18_c070_f050_s4_b050.sbatch
main	cifar10	resnet18	5	0.70	0.50	0.70	50	MSTC_C070_F050_A070_5_50b	main_c10_r18_c070_f050_s5_b050.sbatch
main	cifar10	resnet50	1	0.70	0.50	0.70	50	MSTC_C070_F050_A070_1_50b	main_c10_r50_c070_f050_s1_b050.sbatch
main	cifar10	resnet50	2	0.70	0.50	0.70	50	MSTC_C070_F050_A070_2_50b	main_c10_r50_c070_f050_s2_b050.sbatch
main	cifar10	resnet50	3	0.70	0.50	0.70	50	MSTC_C070_F050_A070_3_50b	main_c10_r50_c070_f050_s3_b050.sbatch
main	cifar10	resnet50	4	0.70	0.50	0.70	50	MSTC_C070_F050_A070_4_50b	main_c10_r50_c070_f050_s4_b050.sbatch
main	cifar10	resnet50	5	0.70	0.50	0.70	50	MSTC_C070_F050_A070_5_50b	main_c10_r50_c070_f050_s5_b050.sbatch
main	cifar100	alexnet	1	0.70	0.50	0.70	50	MSTC_C070_F050_A070_1_50b	main_c100_alex_c070_f050_s1_b050.sbatch
main	cifar100	alexnet	2	0.70	0.50	0.70	50	MSTC_C070_F050_A070_2_50b	main_c100_alex_c070_f050_s2_b050.sbatch
main	cifar100	alexnet	3	0.70	0.50	0.70	50	MSTC_C070_F050_A070_3_50b	main_c100_alex_c070_f050_s3_b050.sbatch
main	cifar100	alexnet	4	0.70	0.50	0.70	50	MSTC_C070_F050_A070_4_50b	main_c100_alex_c070_f050_s4_b050.sbatch
main	cifar100	alexnet	5	0.70	0.50	0.70	50	MSTC_C070_F050_A070_5_50b	main_c100_alex_c070_f050_s5_b050.sbatch
main	cifar100	resnet18	1	0.70	0.50	0.70	50	MSTC_C070_F050_A070_1_50b	main_c100_r18_c070_f050_s1_b050.sbatch
main	cifar100	resnet18	2	0.70	0.50	0.70	50	MSTC_C070_F050_A070_2_50b	main_c100_r18_c070_f050_s2_b050.sbatch
main	cifar100	resnet18	3	0.70	0.50	0.70	50	MSTC_C070_F050_A070_3_50b	main_c100_r18_c070_f050_s3_b050.sbatch
main	cifar100	resnet18	4	0.70	0.50	0.70	50	MSTC_C070_F050_A070_4_50b	main_c100_r18_c070_f050_s4_b050.sbatch
main	cifar100	resnet18	5	0.70	0.50	0.70	50	MSTC_C070_F050_A070_5_50b	main_c100_r18_c070_f050_s5_b050.sbatch
main	cifar100	resnet50	1	0.70	0.50	0.70	50	MSTC_C070_F050_A070_1_50b	main_c100_r50_c070_f050_s1_b050.sbatch
main	cifar100	resnet50	2	0.70	0.50	0.70	50	MSTC_C070_F050_A070_2_50b	main_c100_r50_c070_f050_s2_b050.sbatch
main	cifar100	resnet50	3	0.70	0.50	0.70	50	MSTC_C070_F050_A070_3_50b	main_c100_r50_c070_f050_s3_b050.sbatch
main	cifar100	resnet50	4	0.70	0.50	0.70	50	MSTC_C070_F050_A070_4_50b	main_c100_r50_c070_f050_s4_b050.sbatch
main	cifar100	resnet50	5	0.70	0.50	0.70	50	MSTC_C070_F050_A070_5_50b	main_c100_r50_c070_f050_s5_b050.sbatch
main	tinyimagenet	alexnet	1	0.70	0.50	0.70	50	MSTC_C070_F050_A070_1_50b	main_tin_alex_c070_f050_s1_b050.sbatch
main	tinyimagenet	alexnet	2	0.70	0.50	0.70	50	MSTC_C070_F050_A070_2_50b	main_tin_alex_c070_f050_s2_b050.sbatch
main	tinyimagenet	alexnet	3	0.70	0.50	0.70	50	MSTC_C070_F050_A070_3_50b	main_tin_alex_c070_f050_s3_b050.sbatch
main	tinyimagenet	alexnet	4	0.70	0.50	0.70	50	MSTC_C070_F050_A070_4_50b	main_tin_alex_c070_f050_s4_b050.sbatch
main	tinyimagenet	alexnet	5	0.70	0.50	0.70	50	MSTC_C070_F050_A070_5_50b	main_tin_alex_c070_f050_s5_b050.sbatch
main	tinyimagenet	resnet18	1	0.70	0.50	0.70	50	MSTC_C070_F050_A070_1_50b	main_tin_r18_c070_f050_s1_b050.sbatch
main	tinyimagenet	resnet18	2	0.70	0.50	0.70	50	MSTC_C070_F050_A070_2_50b	main_tin_r18_c070_f050_s2_b050.sbatch
main	tinyimagenet	resnet18	3	0.70	0.50	0.70	50	MSTC_C070_F050_A070_3_50b	main_tin_r18_c070_f050_s3_b050.sbatch
main	tinyimagenet	resnet18	4	0.70	0.50	0.70	50	MSTC_C070_F050_A070_4_50b	main_tin_r18_c070_f050_s4_b050.sbatch
main	tinyimagenet	resnet18	5	0.70	0.50	0.70	50	MSTC_C070_F050_A070_5_50b	main_tin_r18_c070_f050_s5_b050.sbatch
main	tinyimagenet	resnet50	1	0.70	0.50	0.70	50	MSTC_C070_F050_A070_1_50b	main_tin_r50_c070_f050_s1_b050.sbatch
main	tinyimagenet	resnet50	2	0.70	0.50	0.70	50	MSTC_C070_F050_A070_2_50b	main_tin_r50_c070_f050_s2_b050.sbatch
main	tinyimagenet	resnet50	3	0.70	0.50	0.70	50	MSTC_C070_F050_A070_3_50b	main_tin_r50_c070_f050_s3_b050.sbatch
main	tinyimagenet	resnet50	4	0.70	0.50	0.70	50	MSTC_C070_F050_A070_4_50b	main_tin_r50_c070_f050_s4_b050.sbatch
main	tinyimagenet	resnet50	5	0.70	0.50	0.70	50	MSTC_C070_F050_A070_5_50b	main_tin_r50_c070_f050_s5_b050.sbatch
scale	cifar10	resnet18	1	0.60	0.40	0.70	50	MSTC_C060_F040_A070_1_50b	scale_c10_r18_c060_f040_s1_b050.sbatch
scale	cifar10	resnet18	2	0.60	0.40	0.70	50	MSTC_C060_F040_A070_2_50b	scale_c10_r18_c060_f040_s2_b050.sbatch
scale	cifar10	resnet18	3	0.60	0.40	0.70	50	MSTC_C060_F040_A070_3_50b	scale_c10_r18_c060_f040_s3_b050.sbatch
scale	cifar10	resnet18	4	0.60	0.40	0.70	50	MSTC_C060_F040_A070_4_50b	scale_c10_r18_c060_f040_s4_b050.sbatch
scale	cifar10	resnet18	5	0.60	0.40	0.70	50	MSTC_C060_F040_A070_5_50b	scale_c10_r18_c060_f040_s5_b050.sbatch
scale	cifar10	resnet18	1	0.80	0.60	0.70	50	MSTC_C080_F060_A070_1_50b	scale_c10_r18_c080_f060_s1_b050.sbatch
scale	cifar10	resnet18	2	0.80	0.60	0.70	50	MSTC_C080_F060_A070_2_50b	scale_c10_r18_c080_f060_s2_b050.sbatch
scale	cifar10	resnet18	3	0.80	0.60	0.70	50	MSTC_C080_F060_A070_3_50b	scale_c10_r18_c080_f060_s3_b050.sbatch
scale	cifar10	resnet18	4	0.80	0.60	0.70	50	MSTC_C080_F060_A070_4_50b	scale_c10_r18_c080_f060_s4_b050.sbatch
scale	cifar10	resnet18	5	0.80	0.60	0.70	50	MSTC_C080_F060_A070_5_50b	scale_c10_r18_c080_f060_s5_b050.sbatch
scale	cifar100	resnet18	1	0.60	0.40	0.70	50	MSTC_C060_F040_A070_1_50b	scale_c100_r18_c060_f040_s1_b050.sbatch
scale	cifar100	resnet18	2	0.60	0.40	0.70	50	MSTC_C060_F040_A070_2_50b	scale_c100_r18_c060_f040_s2_b050.sbatch
scale	cifar100	resnet18	3	0.60	0.40	0.70	50	MSTC_C060_F040_A070_3_50b	scale_c100_r18_c060_f040_s3_b050.sbatch
scale	cifar100	resnet18	4	0.60	0.40	0.70	50	MSTC_C060_F040_A070_4_50b	scale_c100_r18_c060_f040_s4_b050.sbatch
scale	cifar100	resnet18	5	0.60	0.40	0.70	50	MSTC_C060_F040_A070_5_50b	scale_c100_r18_c060_f040_s5_b050.sbatch
scale	cifar100	resnet18	1	0.80	0.60	0.70	50	MSTC_C080_F060_A070_1_50b	scale_c100_r18_c080_f060_s1_b050.sbatch
scale	cifar100	resnet18	2	0.80	0.60	0.70	50	MSTC_C080_F060_A070_2_50b	scale_c100_r18_c080_f060_s2_b050.sbatch
scale	cifar100	resnet18	3	0.80	0.60	0.70	50	MSTC_C080_F060_A070_3_50b	scale_c100_r18_c080_f060_s3_b050.sbatch
scale	cifar100	resnet18	4	0.80	0.60	0.70	50	MSTC_C080_F060_A070_4_50b	scale_c100_r18_c080_f060_s4_b050.sbatch
scale	cifar100	resnet18	5	0.80	0.60	0.70	50	MSTC_C080_F060_A070_5_50b	scale_c100_r18_c080_f060_s5_b050.sbatch
scale	tinyimagenet	resnet18	1	0.60	0.40	0.70	50	MSTC_C060_F040_A070_1_50b	scale_tin_r18_c060_f040_s1_b050.sbatch
scale	tinyimagenet	resnet18	2	0.60	0.40	0.70	50	MSTC_C060_F040_A070_2_50b	scale_tin_r18_c060_f040_s2_b050.sbatch
scale	tinyimagenet	resnet18	3	0.60	0.40	0.70	50	MSTC_C060_F040_A070_3_50b	scale_tin_r18_c060_f040_s3_b050.sbatch
scale	tinyimagenet	resnet18	4	0.60	0.40	0.70	50	MSTC_C060_F040_A070_4_50b	scale_tin_r18_c060_f040_s4_b050.sbatch
scale	tinyimagenet	resnet18	5	0.60	0.40	0.70	50	MSTC_C060_F040_A070_5_50b	scale_tin_r18_c060_f040_s5_b050.sbatch
scale	tinyimagenet	resnet18	1	0.80	0.60	0.70	50	MSTC_C080_F060_A070_1_50b	scale_tin_r18_c080_f060_s1_b050.sbatch
scale	tinyimagenet	resnet18	2	0.80	0.60	0.70	50	MSTC_C080_F060_A070_2_50b	scale_tin_r18_c080_f060_s2_b050.sbatch
scale	tinyimagenet	resnet18	3	0.80	0.60	0.70	50	MSTC_C080_F060_A070_3_50b	scale_tin_r18_c080_f060_s3_b050.sbatch
scale	tinyimagenet	resnet18	4	0.80	0.60	0.70	50	MSTC_C080_F060_A070_4_50b	scale_tin_r18_c080_f060_s4_b050.sbatch
scale	tinyimagenet	resnet18	5	0.80	0.60	0.70	50	MSTC_C080_F060_A070_5_50b	scale_tin_r18_c080_f060_s5_b050.sbatch
budget	cifar100	resnet18	1	0.70	0.50	0.70	100	MSTC_C070_F050_A070_1_100b	budget_c100_r18_c070_f050_s1_b100.sbatch
budget	cifar100	resnet18	2	0.70	0.50	0.70	100	MSTC_C070_F050_A070_2_100b	budget_c100_r18_c070_f050_s2_b100.sbatch
budget	cifar100	resnet18	3	0.70	0.50	0.70	100	MSTC_C070_F050_A070_3_100b	budget_c100_r18_c070_f050_s3_b100.sbatch
budget	cifar100	resnet18	4	0.70	0.50	0.70	100	MSTC_C070_F050_A070_4_100b	budget_c100_r18_c070_f050_s4_b100.sbatch
budget	cifar100	resnet18	5	0.70	0.50	0.70	100	MSTC_C070_F050_A070_5_100b	budget_c100_r18_c070_f050_s5_b100.sbatch
budget	cifar100	resnet18	1	0.70	0.50	0.70	500	MSTC_C070_F050_A070_1_500b	budget_c100_r18_c070_f050_s1_b500.sbatch
budget	cifar100	resnet18	2	0.70	0.50	0.70	500	MSTC_C070_F050_A070_2_500b	budget_c100_r18_c070_f050_s2_b500.sbatch
budget	cifar100	resnet18	3	0.70	0.50	0.70	500	MSTC_C070_F050_A070_3_500b	budget_c100_r18_c070_f050_s3_b500.sbatch
budget	cifar100	resnet18	4	0.70	0.50	0.70	500	MSTC_C070_F050_A070_4_500b	budget_c100_r18_c070_f050_s4_b500.sbatch
budget	cifar100	resnet18	5	0.70	0.50	0.70	500	MSTC_C070_F050_A070_5_500b	budget_c100_r18_c070_f050_s5_b500.sbatch
