3427270	main	cifar10	alexnet	1	0.70	50	TOPOCOVER_PAPER_D070_1_50b	main_c10_alex_d070_s1_b050.sbatch
3427271	main	cifar10	alexnet	2	0.70	50	TOPOCOVER_PAPER_D070_2_50b	main_c10_alex_d070_s2_b050.sbatch
3427272	main	cifar10	alexnet	3	0.70	50	TOPOCOVER_PAPER_D070_3_50b	main_c10_alex_d070_s3_b050.sbatch
3427273	main	cifar10	alexnet	4	0.70	50	TOPOCOVER_PAPER_D070_4_50b	main_c10_alex_d070_s4_b050.sbatch
3427274	main	cifar10	alexnet	5	0.70	50	TOPOCOVER_PAPER_D070_5_50b	main_c10_alex_d070_s5_b050.sbatch
3427275	main	cifar10	resnet18	1	0.70	50	TOPOCOVER_PAPER_D070_1_50b	main_c10_r18_d070_s1_b050.sbatch
3427276	main	cifar10	resnet18	2	0.70	50	TOPOCOVER_PAPER_D070_2_50b	main_c10_r18_d070_s2_b050.sbatch
3427277	main	cifar10	resnet18	3	0.70	50	TOPOCOVER_PAPER_D070_3_50b	main_c10_r18_d070_s3_b050.sbatch
3427278	main	cifar10	resnet18	4	0.70	50	TOPOCOVER_PAPER_D070_4_50b	main_c10_r18_d070_s4_b050.sbatch
3427279	main	cifar10	resnet18	5	0.70	50	TOPOCOVER_PAPER_D070_5_50b	main_c10_r18_d070_s5_b050.sbatch
3427280	main	cifar10	resnet50	1	0.70	50	TOPOCOVER_PAPER_D070_1_50b	main_c10_r50_d070_s1_b050.sbatch
3427281	main	cifar10	resnet50	2	0.70	50	TOPOCOVER_PAPER_D070_2_50b	main_c10_r50_d070_s2_b050.sbatch
3427282	main	cifar10	resnet50	3	0.70	50	TOPOCOVER_PAPER_D070_3_50b	main_c10_r50_d070_s3_b050.sbatch
3427283	main	cifar10	resnet50	4	0.70	50	TOPOCOVER_PAPER_D070_4_50b	main_c10_r50_d070_s4_b050.sbatch
3427284	main	cifar10	resnet50	5	0.70	50	TOPOCOVER_PAPER_D070_5_50b	main_c10_r50_d070_s5_b050.sbatch
3427285	main	cifar100	alexnet	1	0.70	50	TOPOCOVER_PAPER_D070_1_50b	main_c100_alex_d070_s1_b050.sbatch
3427286	main	cifar100	alexnet	2	0.70	50	TOPOCOVER_PAPER_D070_2_50b	main_c100_alex_d070_s2_b050.sbatch
3427287	main	cifar100	alexnet	3	0.70	50	TOPOCOVER_PAPER_D070_3_50b	main_c100_alex_d070_s3_b050.sbatch
3427288	main	cifar100	alexnet	4	0.70	50	TOPOCOVER_PAPER_D070_4_50b	main_c100_alex_d070_s4_b050.sbatch
3427289	main	cifar100	alexnet	5	0.70	50	TOPOCOVER_PAPER_D070_5_50b	main_c100_alex_d070_s5_b050.sbatch
3427290	main	cifar100	resnet18	1	0.70	50	TOPOCOVER_PAPER_D070_1_50b	main_c100_r18_d070_s1_b050.sbatch
3427291	main	cifar100	resnet18	2	0.70	50	TOPOCOVER_PAPER_D070_2_50b	main_c100_r18_d070_s2_b050.sbatch
3427292	main	cifar100	resnet18	3	0.70	50	TOPOCOVER_PAPER_D070_3_50b	main_c100_r18_d070_s3_b050.sbatch
3427293	main	cifar100	resnet18	4	0.70	50	TOPOCOVER_PAPER_D070_4_50b	main_c100_r18_d070_s4_b050.sbatch
3427294	main	cifar100	resnet18	5	0.70	50	TOPOCOVER_PAPER_D070_5_50b	main_c100_r18_d070_s5_b050.sbatch
3427295	main	cifar100	resnet50	1	0.70	50	TOPOCOVER_PAPER_D070_1_50b	main_c100_r50_d070_s1_b050.sbatch
3427296	main	cifar100	resnet50	2	0.70	50	TOPOCOVER_PAPER_D070_2_50b	main_c100_r50_d070_s2_b050.sbatch
3427297	main	cifar100	resnet50	3	0.70	50	TOPOCOVER_PAPER_D070_3_50b	main_c100_r50_d070_s3_b050.sbatch
3427298	main	cifar100	resnet50	4	0.70	50	TOPOCOVER_PAPER_D070_4_50b	main_c100_r50_d070_s4_b050.sbatch
3427299	main	cifar100	resnet50	5	0.70	50	TOPOCOVER_PAPER_D070_5_50b	main_c100_r50_d070_s5_b050.sbatch
3427300	main	tinyimagenet	alexnet	1	0.70	50	TOPOCOVER_PAPER_D070_1_50b	main_tin_alex_d070_s1_b050.sbatch
3427301	main	tinyimagenet	alexnet	2	0.70	50	TOPOCOVER_PAPER_D070_2_50b	main_tin_alex_d070_s2_b050.sbatch
3427302	main	tinyimagenet	alexnet	3	0.70	50	TOPOCOVER_PAPER_D070_3_50b	main_tin_alex_d070_s3_b050.sbatch
3427303	main	tinyimagenet	alexnet	4	0.70	50	TOPOCOVER_PAPER_D070_4_50b	main_tin_alex_d070_s4_b050.sbatch
3427304	main	tinyimagenet	alexnet	5	0.70	50	TOPOCOVER_PAPER_D070_5_50b	main_tin_alex_d070_s5_b050.sbatch
3427305	main	tinyimagenet	resnet18	1	0.70	50	TOPOCOVER_PAPER_D070_1_50b	main_tin_r18_d070_s1_b050.sbatch
3427306	main	tinyimagenet	resnet18	2	0.70	50	TOPOCOVER_PAPER_D070_2_50b	main_tin_r18_d070_s2_b050.sbatch
3427307	main	tinyimagenet	resnet18	3	0.70	50	TOPOCOVER_PAPER_D070_3_50b	main_tin_r18_d070_s3_b050.sbatch
3427308	main	tinyimagenet	resnet18	4	0.70	50	TOPOCOVER_PAPER_D070_4_50b	main_tin_r18_d070_s4_b050.sbatch
3427309	main	tinyimagenet	resnet18	5	0.70	50	TOPOCOVER_PAPER_D070_5_50b	main_tin_r18_d070_s5_b050.sbatch
3427310	main	tinyimagenet	resnet50	1	0.70	50	TOPOCOVER_PAPER_D070_1_50b	main_tin_r50_d070_s1_b050.sbatch
3427311	main	tinyimagenet	resnet50	2	0.70	50	TOPOCOVER_PAPER_D070_2_50b	main_tin_r50_d070_s2_b050.sbatch
3427312	main	tinyimagenet	resnet50	3	0.70	50	TOPOCOVER_PAPER_D070_3_50b	main_tin_r50_d070_s3_b050.sbatch
3427313	main	tinyimagenet	resnet50	4	0.70	50	TOPOCOVER_PAPER_D070_4_50b	main_tin_r50_d070_s4_b050.sbatch
3427314	main	tinyimagenet	resnet50	5	0.70	50	TOPOCOVER_PAPER_D070_5_50b	main_tin_r50_d070_s5_b050.sbatch
3427315	scale	cifar10	resnet18	1	0.60	50	TOPOCOVER_PAPER_D060_1_50b	scale_c10_r18_d060_s1_b050.sbatch
3427316	scale	cifar10	resnet18	2	0.60	50	TOPOCOVER_PAPER_D060_2_50b	scale_c10_r18_d060_s2_b050.sbatch
3427317	scale	cifar10	resnet18	3	0.60	50	TOPOCOVER_PAPER_D060_3_50b	scale_c10_r18_d060_s3_b050.sbatch
3427318	scale	cifar10	resnet18	4	0.60	50	TOPOCOVER_PAPER_D060_4_50b	scale_c10_r18_d060_s4_b050.sbatch
3427319	scale	cifar10	resnet18	5	0.60	50	TOPOCOVER_PAPER_D060_5_50b	scale_c10_r18_d060_s5_b050.sbatch
3427320	scale	cifar10	resnet18	1	0.80	50	TOPOCOVER_PAPER_D080_1_50b	scale_c10_r18_d080_s1_b050.sbatch
3427321	scale	cifar10	resnet18	2	0.80	50	TOPOCOVER_PAPER_D080_2_50b	scale_c10_r18_d080_s2_b050.sbatch
3427322	scale	cifar10	resnet18	3	0.80	50	TOPOCOVER_PAPER_D080_3_50b	scale_c10_r18_d080_s3_b050.sbatch
3427323	scale	cifar10	resnet18	4	0.80	50	TOPOCOVER_PAPER_D080_4_50b	scale_c10_r18_d080_s4_b050.sbatch
3427324	scale	cifar10	resnet18	5	0.80	50	TOPOCOVER_PAPER_D080_5_50b	scale_c10_r18_d080_s5_b050.sbatch
3427325	scale	cifar100	resnet18	1	0.60	50	TOPOCOVER_PAPER_D060_1_50b	scale_c100_r18_d060_s1_b050.sbatch
3427326	scale	cifar100	resnet18	2	0.60	50	TOPOCOVER_PAPER_D060_2_50b	scale_c100_r18_d060_s2_b050.sbatch
3427327	scale	cifar100	resnet18	3	0.60	50	TOPOCOVER_PAPER_D060_3_50b	scale_c100_r18_d060_s3_b050.sbatch
3427328	scale	cifar100	resnet18	4	0.60	50	TOPOCOVER_PAPER_D060_4_50b	scale_c100_r18_d060_s4_b050.sbatch
3427329	scale	cifar100	resnet18	5	0.60	50	TOPOCOVER_PAPER_D060_5_50b	scale_c100_r18_d060_s5_b050.sbatch
3427330	scale	cifar100	resnet18	1	0.80	50	TOPOCOVER_PAPER_D080_1_50b	scale_c100_r18_d080_s1_b050.sbatch
3427331	scale	cifar100	resnet18	2	0.80	50	TOPOCOVER_PAPER_D080_2_50b	scale_c100_r18_d080_s2_b050.sbatch
3427332	scale	cifar100	resnet18	3	0.80	50	TOPOCOVER_PAPER_D080_3_50b	scale_c100_r18_d080_s3_b050.sbatch
3427333	scale	cifar100	resnet18	4	0.80	50	TOPOCOVER_PAPER_D080_4_50b	scale_c100_r18_d080_s4_b050.sbatch
3427334	scale	cifar100	resnet18	5	0.80	50	TOPOCOVER_PAPER_D080_5_50b	scale_c100_r18_d080_s5_b050.sbatch
3427335	scale	tinyimagenet	resnet18	1	0.60	50	TOPOCOVER_PAPER_D060_1_50b	scale_tin_r18_d060_s1_b050.sbatch
3427336	scale	tinyimagenet	resnet18	2	0.60	50	TOPOCOVER_PAPER_D060_2_50b	scale_tin_r18_d060_s2_b050.sbatch
3427337	scale	tinyimagenet	resnet18	3	0.60	50	TOPOCOVER_PAPER_D060_3_50b	scale_tin_r18_d060_s3_b050.sbatch
3427338	scale	tinyimagenet	resnet18	4	0.60	50	TOPOCOVER_PAPER_D060_4_50b	scale_tin_r18_d060_s4_b050.sbatch
3427339	scale	tinyimagenet	resnet18	5	0.60	50	TOPOCOVER_PAPER_D060_5_50b	scale_tin_r18_d060_s5_b050.sbatch
3427340	scale	tinyimagenet	resnet18	1	0.80	50	TOPOCOVER_PAPER_D080_1_50b	scale_tin_r18_d080_s1_b050.sbatch
3427341	scale	tinyimagenet	resnet18	2	0.80	50	TOPOCOVER_PAPER_D080_2_50b	scale_tin_r18_d080_s2_b050.sbatch
3427342	scale	tinyimagenet	resnet18	3	0.80	50	TOPOCOVER_PAPER_D080_3_50b	scale_tin_r18_d080_s3_b050.sbatch
3427343	scale	tinyimagenet	resnet18	4	0.80	50	TOPOCOVER_PAPER_D080_4_50b	scale_tin_r18_d080_s4_b050.sbatch
3427344	scale	tinyimagenet	resnet18	5	0.80	50	TOPOCOVER_PAPER_D080_5_50b	scale_tin_r18_d080_s5_b050.sbatch
3427345	budget	cifar100	resnet18	1	0.70	100	TOPOCOVER_PAPER_D070_1_100b	budget_c100_r18_d070_s1_b100.sbatch
3427346	budget	cifar100	resnet18	2	0.70	100	TOPOCOVER_PAPER_D070_2_100b	budget_c100_r18_d070_s2_b100.sbatch
3427347	budget	cifar100	resnet18	3	0.70	100	TOPOCOVER_PAPER_D070_3_100b	budget_c100_r18_d070_s3_b100.sbatch
3427348	budget	cifar100	resnet18	4	0.70	100	TOPOCOVER_PAPER_D070_4_100b	budget_c100_r18_d070_s4_b100.sbatch
3427349	budget	cifar100	resnet18	5	0.70	100	TOPOCOVER_PAPER_D070_5_100b	budget_c100_r18_d070_s5_b100.sbatch
3427350	budget	cifar100	resnet18	1	0.70	500	TOPOCOVER_PAPER_D070_1_500b	budget_c100_r18_d070_s1_b500.sbatch
3427351	budget	cifar100	resnet18	2	0.70	500	TOPOCOVER_PAPER_D070_2_500b	budget_c100_r18_d070_s2_b500.sbatch
3427352	budget	cifar100	resnet18	3	0.70	500	TOPOCOVER_PAPER_D070_3_500b	budget_c100_r18_d070_s3_b500.sbatch
3427353	budget	cifar100	resnet18	4	0.70	500	TOPOCOVER_PAPER_D070_4_500b	budget_c100_r18_d070_s4_b500.sbatch
3427354	budget	cifar100	resnet18	5	0.70	500	TOPOCOVER_PAPER_D070_5_500b	budget_c100_r18_d070_s5_b500.sbatch
